"cn=df9041-bp4,ou=users,o=novell",df9041-bp4,Felton,David,novell
"cn=ff2299-bp4,ou=users,o=novell",ff2299-bp4,Feltman,Frances,novell
"cn=mf8654-bp4,ou=users,o=novell",mf8654-bp4,Fellers,Mason,novell
"cn=kf2929-bp4,ou=users,o=novell",kf2929-bp4,Faulk,Kasey,novell
"cn=mf0896-bp4,ou=users,o=novell",mf0896-bp4,Farr,Mable,novell
"cn=af7825-bp4,ou=users,o=novell",af7825-bp4,Farrington,Allison,novell
"cn=wf8422-bp4,ou=users,o=novell",wf8422-bp4,Farmer,Willie,novell
"cn=wf1290-bp4,ou=users,o=novell",wf1290-bp4,Farmer,Wiley,novell
"cn=sf8813-bp4,ou=users,o=novell",sf8813-bp4,Farmer,Sonequa,novell
"cn=sf3487-bp4,ou=users,o=novell",sf3487-bp4,Farmer,Sharetta,novell
"cn=sf4447-bp4,ou=users,o=novell",sf4447-bp4,Farmer,Samuel,novell
"cn=rf9281-bp4,ou=users,o=novell",rf9281-bp4,Farmer,Ruthe,novell
"cn=pf6316-bp4,ou=users,o=novell",pf6316-bp4,Farmer,Patrice,novell
"cn=mf9189-bp4,ou=users,o=novell",mf9189-bp4,Farmer,Mary,novell
"cn=lf2818-bp4,ou=users,o=novell",lf2818-bp4,Farmer,Latoyo0tra,novell
"cn=lf8618-bp4,ou=users,o=novell",lf8618-bp4,Farmer,Laquita,novell
"cn=jf6245-bp4,ou=users,o=novell",jf6245-bp4,Farmer,Justin,novell
"cn=jf7239-bp4,ou=users,o=novell",jf7239-bp4,Farmer,Juanita,novell
"cn=jf5815-bp4,ou=users,o=novell",jf5815-bp4,Farmer,James,novell
"cn=jf7206-bp4,ou=users,o=novell",jf7206-bp4,Farmer,Jacqueline,novell
"cn=df8814-bp4,ou=users,o=novell",df8814-bp4,Farmer,Diandra,novell
"cn=cf8057-bp4,ou=users,o=novell",cf8057-bp4,Farmer,Christopher,novell
"cn=bf8947-bp4,ou=users,o=novell",bf8947-bp4,Farmer,Brandon,novell
"cn=af8050-bp4,ou=users,o=novell",af8050-bp4,Farmer,Andrew,novell
"cn=jf3353-bp4,ou=users,o=novell",jf3353-bp4,Farias,Jose,novell
"cn=lf9650-bp4,ou=users,o=novell",lf9650-bp4,Farahkhan,Latoyia,novell      
"cn=af3282-bp4,ou=users,o=novell",af3282-bp4,Fann,Alphus,novell
"cn=nf0734-bp4,ou=users,o=novell",nf0734-bp4,Falcon,Noel,novell
"cn=sf8221-bp4,ou=users,o=novell",sf8221-bp4,Faison,Stanley,novell
"cn=lf8516-bp4,ou=users,o=novell",lf8516-bp4,Faison,Larry,novell
"cn=jf8469-bp4,ou=users,o=novell",jf8469-bp4,Fair,Jeffery,novell
"cn=sf7368-bp4,ou=users,o=novell",sf7368-bp4,Faircloth,Sheila,novell
"cn=jf3543-bp4,ou=users,o=novell",jf3543-bp4,Faircloth,Justin,novell
"cn=jf7397-bp4,ou=users,o=novell",jf7397-bp4,Faircloth,Jason,novell         
"cn=tf3555-bp4,ou=users,o=novell",tf3555-bp4,Fagan,Tamika,novell
"cn=cf4862-bp4,ou=users,o=novell",cf4862-bp4,Fabian,Carlos,novell
"cn=se5372-bp4,ou=users,o=novell",se5372-bp4,Ezzell,Steven,novell
"cn=se6615-bp4,ou=users,o=novell",se6615-bp4,Ezzelle,Sarah,novell
"cn=pe9035-bp4,ou=users,o=novell",pe9035-bp4,Eyzaguirre,Pedro,novell
"cn=me0131-bp4,ou=users,o=novell",me0131-bp4,Exum,Mona,novell
"cn=ce4258-bp4,ou=users,o=novell",ce4258-bp4,Exum,Christopher,novell
"cn=le6118-bp4,ou=users,o=novell",le6118-bp4,Ewers,Laura,novell
"cn=je9839-bp4,ou=users,o=novell",je9839-bp4,Everson,Jarvius,novell
"cn=re7286-bp4,ou=users,o=novell",re7286-bp4,Everett-Hicks,Remele,novell
"cn=we5587-bp4,ou=users,o=novell",we5587-bp4,Evans,William,novell
"cn=ve4518-bp4,ou=users,o=novell",ve4518-bp4,Evans,Vernon,novell
"cn=pe9886-bp4,ou=users,o=novell",pe9886-bp4,Evans,Phillip,novell
"cn=ne8615-bp4,ou=users,o=novell",ne8615-bp4,Evans,Nicholas,novell
"cn=me5804-bp4,ou=users,o=novell",me5804-bp4,Evans,Michael,novell
"cn=ke1833-bp4,ou=users,o=novell",ke1833-bp4,Evans,Kenneth,novell
"cn=ke9206-bp4,ou=users,o=novell",ke9206-bp4,Evans,Karen,novell
"cn=je6583-bp4,ou=users,o=novell",je6583-bp4,Evans,Johnnie,novell
"cn=je1551-bp4,ou=users,o=novell",je1551-bp4,Evans,John,novell
"cn=je2639-bp4,ou=users,o=novell",je2639-bp4,Evans,Jerry,novell
"cn=ie6018-bp4,ou=users,o=novell",ie6018-bp4,Evans,Irvoan,novell
"cn=ee5500-bp4,ou=users,o=novell",ee5500-bp4,Evans,Ester,novell
"cn=de2064-bp4,ou=users,o=novell",de2064-bp4,Evans,Drucilla,novell
"cn=ce3028-bp4,ou=users,o=novell",ce3028-bp4,Evans,Crystal,novell
"cn=ce5873-bp4,ou=users,o=novell",ce5873-bp4,Evans,Clifton,novell
"cn=ce8627-bp4,ou=users,o=novell",ce8627-bp4,Evans,Candice,novell
"cn=ce6100-bp4,ou=users,o=novell",ce6100-bp4,Evans,Cameron,novell
"cn=be1757-bp4,ou=users,o=novell",be1757-bp4,Evans,Brian,novell
"cn=be1366-bp4,ou=users,o=novell",be1366-bp4,Evans,Brandon,novell
"cn=be2582-bp4,ou=users,o=novell",be2582-bp4,Evans,Benjamin,novell
"cn=ae3794-bp4,ou=users,o=novell",ae3794-bp4,Evans,Angelique,novell
"cn=ae1043-bp4,ou=users,o=novell",ae1043-bp4,Evans,Aaron,novell
"cn=se7247-bp4,ou=users,o=novell",se7247-bp4,Eustaquio,Saira,novell
"cn=ae7506-bp4,ou=users,o=novell",ae7506-bp4,Ethridge,Allison,novell
"cn=te3145-bp4,ou=users,o=novell",te3145-bp4,Etheridge,Travis,novell
"cn=te3207-bp4,ou=users,o=novell",te3207-bp4,Etheridge,Tanesha,novell
"cn=ae9098-bp4,ou=users,o=novell",ae9098-bp4,Etheridge,Augustus,novell
"cn=ne6748-bp4,ou=users,o=novell",ne6748-bp4,Estrada,Nelida,novell
"cn=me3793-bp4,ou=users,o=novell",me3793-bp4,Estrada,Mariela,novell
"cn=me4091-bp4,ou=users,o=novell",me4091-bp4,Estrada,Maria,novell
"cn=je3945-bp4,ou=users,o=novell",je3945-bp4,Essick,Joyce,novell
"cn=ce0081-bp4,ou=users,o=novell",ce0081-bp4,Espinosa,Caleb,novell
"cn=je7374-bp4,ou=users,o=novell",je7374-bp4,Escalante,Jose,novell
"cn=de8563-bp4,ou=users,o=novell",de8563-bp4,Ervin,David,novell
"cn=me9869-bp4,ou=users,o=novell",me9869-bp4,Emory,Matthew,novell
"cn=ce9488-bp4,ou=users,o=novell",ce9488-bp4,Emanuel,Christopher,novell
"cn=me5176-bp4,ou=users,o=novell",me5176-bp4,Eltareb,Moheeb,novell
"cn=le5118-bp4,ou=users,o=novell",le5118-bp4,Elmore,Leonard,novell
"cn=je9673-bp4,ou=users,o=novell",je9673-bp4,Elmore,Jerry,novell
"cn=ve8471-bp4,ou=users,o=novell",ve8471-bp4,Ellis,Viola,novell
"cn=te8300-bp4,ou=users,o=novell",te8300-bp4,Ellis,Travis,novell
"cn=te3256-bp4,ou=users,o=novell",te3256-bp4,Ellis,Tiara,novell
"cn=se0555-bp4,ou=users,o=novell",se0555-bp4,Ellis,Sheila,novell
"cn=je9899-bp4,ou=users,o=novell",je9899-bp4,Ellis,Justin,novell
"cn=je9590-bp4,ou=users,o=novell",je9590-bp4,Ellis,Jeffrey,novell
"cn=ie7011-bp4,ou=users,o=novell",ie7011-bp4,Ellis,Ivan,novell
"cn=ge3994-bp4,ou=users,o=novell",ge3994-bp4,Ellis,Gloria,novell
"cn=de7507-bp4,ou=users,o=novell",de7507-bp4,Ellis,Dwight,novell
"cn=be8401-bp4,ou=users,o=novell",be8401-bp4,Ellis,Brian,novell
"cn=be4340-bp4,ou=users,o=novell",be4340-bp4,Ellis,Benjamin,novell
"cn=be8394-bp4,ou=users,o=novell",be8394-bp4,Ellis,Barrett,novell
"cn=ze3347-bp4,ou=users,o=novell",ze3347-bp4,Elliott,Zackery,novell
"cn=se9863-bp4,ou=users,o=novell",se9863-bp4,Elliott,Sylvia,novell
"cn=re0085-bp4,ou=users,o=novell",re0085-bp4,Elliott,Rosanna,novell
"cn=be9988-bp4,ou=users,o=novell",be9988-bp4,Elliott,Brittney,novell
"cn=le8359-bp4,ou=users,o=novell",le8359-bp4,Ellington,Laura,novell
"cn=ae0597-bp4,ou=users,o=novell",ae0597-bp4,Elleby,Amanda,novell
"cn=we0392-bp4,ou=users,o=novell",we0392-bp4,Elam,Woodrow,novell
"cn=le1068-bp4,ou=users,o=novell",le1068-bp4,Eklund,Lisa,novell
"cn=te9595-bp4,ou=users,o=novell",te9595-bp4,Eggert,Tyler,novell
"cn=se0980-bp4,ou=users,o=novell",se0980-bp4,Egerton,Samantha,novell
"cn=de9303-bp4,ou=users,o=novell",de9303-bp4,Egan,Daniel,novell
"cn=we2484-bp4,ou=users,o=novell",we2484-bp4,Edwards,WC,novell
"cn=we1851-bp4,ou=users,o=novell",we1851-bp4,Edwards,Wayne,novell
"cn=te5360-bp4,ou=users,o=novell",te5360-bp4,Edwards,Torey,novell
"cn=te8332-bp4,ou=users,o=novell",te8332-bp4,Edwards,Tonette,novell
"cn=te0080-bp4,ou=users,o=novell",te0080-bp4,Edwards,Teisha,novell
"cn=se8869-bp4,ou=users,o=novell",se8869-bp4,Edwards,Stephen,novell
"cn=se3049-bp4,ou=users,o=novell",se3049-bp4,Edwards,Stacey,novell
"cn=se2092-bp4,ou=users,o=novell",se2092-bp4,"Edwards,",Shamail,novell
"cn=me9406-bp4,ou=users,o=novell",me9406-bp4,Edwards,Millicent,novell
"cn=ke7896-bp4,ou=users,o=novell",ke7896-bp4,Edwards,Kolenya,novell
"cn=ke8302-bp4,ou=users,o=novell",ke8302-bp4,Edwards,Kenneth,novell
"cn=je8558-bp4,ou=users,o=novell",je8558-bp4,Edwards,Joy,novell
"cn=je4907-bp4,ou=users,o=novell",je4907-bp4,Edwards,Jonathan,novell
"cn=je2796-bp4,ou=users,o=novell",je2796-bp4,Edwards,Joel,novell
"cn=je2050-bp4,ou=users,o=novell",je2050-bp4,Edwards,Jason,novell
"cn=ge0982-bp4,ou=users,o=novell",ge0982-bp4,Edwards,George,novell
"cn=ge2759-bp4,ou=users,o=novell",ge2759-bp4,Edwards,Gene,novell
"cn=ee8463-bp4,ou=users,o=novell",ee8463-bp4,Edwards,Elvis,novell
"cn=de3629-bp4,ou=users,o=novell",de3629-bp4,Edwards,Douglas,novell
"cn=be3190-bp4,ou=users,o=novell",be3190-bp4,Edwards,Brenda,novell
"cn=ae9258-bp4,ou=users,o=novell",ae9258-bp4,Edwards,Anthony,novell
"cn=we0879-bp4,ou=users,o=novell",we0879-bp4,Edmundson,William,novell
"cn=te7172-bp4,ou=users,o=novell",te7172-bp4,Edmundson,Tommy,novell
"cn=oe4979-bp4,ou=users,o=novell",oe4979-bp4,Edmundson,Obryan,novell
"cn=me5036-bp4,ou=users,o=novell",me5036-bp4,Edmundson,Marie,novell
"cn=ke0766-bp4,ou=users,o=novell",ke0766-bp4,Edmonds,Kimberly,novell
"cn=we7837-bp4,ou=users,o=novell",we7837-bp4,Edge,William,novell
"cn=pe5509-bp4,ou=users,o=novell",pe5509-bp4,Edgar,Peter,novell
"cn=de5599-bp4,ou=users,o=novell",de5599-bp4,Eddie,Dazhell,novell
"cn=te7601-bp4,ou=users,o=novell",te7601-bp4,Edberson,Traseandia,novell
"cn=re5537-bp4,ou=users,o=novell",re5537-bp4,Eborn,Rodney,novell
"cn=je7990-bp4,ou=users,o=novell",je7990-bp4,Eboni,Joice,novell
"cn=me9123-bp4,ou=users,o=novell",me9123-bp4,Ebel,Michael,novell
"cn=te2432-bp4,ou=users,o=novell",te2432-bp4,Eatmon,Tammy,novell
"cn=re9367-bp4,ou=users,o=novell",re9367-bp4,Eatmon,Robert,novell
"cn=le0843-bp4,ou=users,o=novell",le0843-bp4,Eatmon,Linwood,novell
"cn=le3887-bp4,ou=users,o=novell",le3887-bp4,Eatmon,Lee,novell
"cn=le9362-bp4,ou=users,o=novell",le9362-bp4,Eatmon,Lamont,novell
"cn=he4109-bp4,ou=users,o=novell",he4109-bp4,Eatmon,Henry,novell
"cn=de8209-bp4,ou=users,o=novell",de8209-bp4,Eatmon,Dontarious,novell
"cn=ce3890-bp4,ou=users,o=novell",ce3890-bp4,Eatmon,Christopher,novell
"cn=be0944-bp4,ou=users,o=novell",be0944-bp4,Eatmon,Bobby,novell
"cn=de1092-bp4,ou=users,o=novell",de1092-bp4,Eatman,David,novell
"cn=ve7197-bp4,ou=users,o=novell",ve7197-bp4,Eason,Vernon,novell
"cn=re8402-bp4,ou=users,o=novell",re8402-bp4,Eason,Rodney,novell
"cn=me0312-bp4,ou=users,o=novell",me0312-bp4,Eason,Melinda,novell
"cn=ke2883-bp4,ou=users,o=novell",ke2883-bp4,Eason,Kendra,novell
"cn=de7918-bp4,ou=users,o=novell",de7918-bp4,Eason,Dale,novell
"cn=je2233-bp4,ou=users,o=novell",je2233-bp4,Easley,Johnnie,novell
"cn=le3581-bp4,ou=users,o=novell",le3581-bp4,Earp,Lakeysha,novell
"cn=de6981-bp4,ou=users,o=novell",de6981-bp4,Earp,D,novell
"cn=je4903-bp4,ou=users,o=novell",je4903-bp4,Early,Jack,novell
"cn=de1691-bp4,ou=users,o=novell",de1691-bp4,Eagles,Dorothy,novell
"cn=td2644-bp4,ou=users,o=novell",td2644-bp4,Dwyer,Travis,novell
"cn=td8273-bp4,ou=users,o=novell",td8273-bp4,Duval,Tyrone,novell
"cn=gd9180-bp4,ou=users,o=novell",gd9180-bp4,Durphy,Gabrielle,novell
"cn=wd4116-bp4,ou=users,o=novell",wd4116-bp4,Durham,Warren,novell
"cn=td3395-bp4,ou=users,o=novell",td3395-bp4,Durham,Teresa,novell
"cn=jd8197-bp4,ou=users,o=novell",jd8197-bp4,Durham,Joshua,novell
"cn=jd7526-bp4,ou=users,o=novell",jd7526-bp4,Durham,Jermil,novell
"cn=wd7003-bp4,ou=users,o=novell",wd7003-bp4,Dupree,Willie,novell
"cn=ld8698-bp4,ou=users,o=novell",ld8698-bp4,Dupree,Leon,novell
"cn=dd8200-bp4,ou=users,o=novell",dd8200-bp4,Dupree,Detron,novell
"cn=dd3061-bp4,ou=users,o=novell",dd3061-bp4,Dupree,Daisy,novell
"cn=fd9476-bp4,ou=users,o=novell",fd9476-bp4,Dunston,Forestene,novell
"cn=wd2399-bp4,ou=users,o=novell",wd2399-bp4,Dunn,Wilbur,novell
"cn=vd0817-bp4,ou=users,o=novell",vd0817-bp4,Dunn,Vincent,novell
"cn=ad8022-bp4,ou=users,o=novell",ad8022-bp4,Dunn,Amy,novell
"cn=ad3085-bp4,ou=users,o=novell",ad3085-bp4,Dunn,Adam,novell
"cn=jd8528-bp4,ou=users,o=novell",jd8528-bp4,Duncan,John,novell
"cn=dd4868-bp4,ou=users,o=novell",dd4868-bp4,Dudley,Doris,novell
"cn=dd9949-bp4,ou=users,o=novell",dd9949-bp4,Dudding,David,novell
"cn=td4782-bp4,ou=users,o=novell",td4782-bp4,Dublin,Tameka,novell
"cn=wd9390-bp4,ou=users,o=novell",wd9390-bp4,Duarte,Wendy,novell
"cn=cd3725-bp4,ou=users,o=novell",cd3725-bp4,Duarte,Christopher,novell
"cn=dd3618-bp4,ou=users,o=novell",dd3618-bp4,Drummond,Deborah,novell
"cn=rd5442-bp4,ou=users,o=novell",rd5442-bp4,Driver,Randy,novell
"cn=kd6805-bp4,ou=users,o=novell",kd6805-bp4,Driver,Krystal,novell
"cn=cd4596-bp4,ou=users,o=novell",cd4596-bp4,Driver,Christopher,novell
"cn=ad8033-bp4,ou=users,o=novell",ad8033-bp4,Driver,Amy,novell
"cn=wd1243-bp4,ou=users,o=novell",wd1243-bp4,Drew,William,novell
"cn=jd4910-bp4,ou=users,o=novell",jd4910-bp4,Drew,Justin,novell
"cn=nd0620-bp4,ou=users,o=novell",nd0620-bp4,Drake,Nathanial,novell
"cn=sd0831-bp4,ou=users,o=novell",sd0831-bp4,Drakeford,Stacy,novell
"cn=td8241-bp4,ou=users,o=novell",td8241-bp4,Dozier,Tracy,novell
"cn=td7944-bp4,ou=users,o=novell",td7944-bp4,Downing,Timothy,novell
"cn=ld9764-bp4,ou=users,o=novell",ld9764-bp4,Dowdy,Linda,novell
"cn=sd8406-bp4,ou=users,o=novell",sd8406-bp4,Dover,Steven,novell
"cn=jd0262-bp4,ou=users,o=novell",jd0262-bp4,Douglas,JoeAnn,novell
"cn=hd8302-bp4,ou=users,o=novell",hd8302-bp4,Dougherty,Harry,novell
"cn=pd1424-bp4,ou=users,o=novell",pd1424-bp4,Dorsey,Patrick,novell
"cn=ld8776-bp4,ou=users,o=novell",ld8776-bp4,Donegain,Larry,novell
"cn=kd9021-bp4,ou=users,o=novell",kd9021-bp4,Dominick,Kasheem,novell
"cn=md0290-bp4,ou=users,o=novell",md0290-bp4,Dominado,Mary,novell
"cn=wd8421-bp4,ou=users,o=novell",wd8421-bp4,Doll,Wayne,novell
"cn=ed9072-bp4,ou=users,o=novell",ed9072-bp4,Dollar,Elizabeth,novell
"cn=bd0598-bp4,ou=users,o=novell",bd0598-bp4,Dollar,Brandon,novell
"cn=dd8778-bp4,ou=users,o=novell",dd8778-bp4,Dolenti,Douglas,novell
"cn=rd6099-bp4,ou=users,o=novell",rd6099-bp4,Dixon,Ron,novell
"cn=pd9247-bp4,ou=users,o=novell",pd9247-bp4,Dixon,Patrice,novell
"cn=nd3183-bp4,ou=users,o=novell",nd3183-bp4,Dixon,Nikita,novell
"cn=md3307-bp4,ou=users,o=novell",md3307-bp4,Dixon,Mitchell,novell
"cn=md6801-bp4,ou=users,o=novell",md6801-bp4,Dixon,McKenny,novell
"cn=ld0611-bp4,ou=users,o=novell",ld0611-bp4,Dixon,Lisa,novell
"cn=jd5922-bp4,ou=users,o=novell",jd5922-bp4,Dixon,Joseph,novell
"cn=hd8075-bp4,ou=users,o=novell",hd8075-bp4,Dixon,Hubert,novell
"cn=dd0836-bp4,ou=users,o=novell",dd0836-bp4,Dixon,Deontay,novell
"cn=dd1330-bp4,ou=users,o=novell",dd1330-bp4,Dixon,Darlene,novell
"cn=cd6616-bp4,ou=users,o=novell",cd6616-bp4,Dixon,Corey,novell
"cn=cd4850-bp4,ou=users,o=novell",cd4850-bp4,Dixon,Christina,novell
"cn=ad9144-bp4,ou=users,o=novell",ad9144-bp4,Dixon,Angie,novell
"cn=ld8049-bp4,ou=users,o=novell",ld8049-bp4,Dimino,Louis,novell
"cn=jd1071-bp4,ou=users,o=novell",jd1071-bp4,Diminni,Jennifer,novell
"cn=wd0808-bp4,ou=users,o=novell",wd0808-bp4,Dillon,William,novell
"cn=id8405-bp4,ou=users,o=novell",id8405-bp4,Dillard,Ian,novell
"cn=sd9868-bp4,ou=users,o=novell",sd9868-bp4,Dildy,Sharron,novell
"cn=jd1784-bp4,ou=users,o=novell",jd1784-bp4,Dilday,James,novell
"cn=nd7924-bp4,ou=users,o=novell",nd7924-bp4,Dilda,Nellie,novell
"cn=ed9070-bp4,ou=users,o=novell",ed9070-bp4,Diego,Elizabeth,novell
"cn=md9381-bp4,ou=users,o=novell",md9381-bp4,Didukh,Maryna,novell
"cn=jd3324-bp4,ou=users,o=novell",jd3324-bp4,Dickinson,Jesse,novell
"cn=vd5129-bp4,ou=users,o=novell",vd5129-bp4,Dickerson,Veronica,novell
"cn=md2224-bp4,ou=users,o=novell",md2224-bp4,Dickerson,Marset,novell
"cn=ld3552-bp4,ou=users,o=novell",ld3552-bp4,Dickerson,Lateesha,novell
"cn=jd2888-bp4,ou=users,o=novell",jd2888-bp4,Dickerson,Jahniece,novell
"cn=dd8482-bp4,ou=users,o=novell",dd8482-bp4,Dickerson,Dawna,novell
"cn=dd8259-bp4,ou=users,o=novell",dd8259-bp4,Dickens,Daniel,novell
"cn=cd6358-bp4,ou=users,o=novell",cd6358-bp4,Dickens,Christopher,novell
"cn=yd6962-bp4,ou=users,o=novell",yd6962-bp4,Diaz,Yolanda,novell
"cn=md6027-bp4,ou=users,o=novell",md6027-bp4,Diaz,Martha,novell
"cn=jd9559-bp4,ou=users,o=novell",jd9559-bp4,Diaz,Jose,novell
"cn=jd5595-bp4,ou=users,o=novell",jd5595-bp4,Diaz,Javier,novell
"cn=gd5805-bp4,ou=users,o=novell",gd5805-bp4,Diaz,Genova,novell
"cn=md8267-bp4,ou=users,o=novell",md8267-bp4,Diallo,Mamadou,novell
"cn=vd8862-bp4,ou=users,o=novell",vd8862-bp4,Dew,Velvet,novell
"cn=rd9255-bp4,ou=users,o=novell",rd9255-bp4,Dew,Roy,novell
"cn=jd0003-bp4,ou=users,o=novell",jd0003-bp4,Dew,James,novell
"cn=gd1806-bp4,ou=users,o=novell",gd1806-bp4,Dew,Gregory,novell
"cn=gd6191-bp4,ou=users,o=novell",gd6191-bp4,Dew,Gregory,novell
"cn=ad8900-bp4,ou=users,o=novell",ad8900-bp4,Dew,Ashley,novell
"cn=kd0932-bp4,ou=users,o=novell",kd0932-bp4,Devine,Kevin,novell
"cn=jd9996-bp4,ou=users,o=novell",jd9996-bp4,Detwiler,Jason,novell
"cn=cd2868-bp4,ou=users,o=novell",cd2868-bp4,Desmarais,Christian,novell
"cn=dd4156-bp4,ou=users,o=novell",dd4156-bp4,Deschamps,David,novell
"cn=jd9603-bp4,ou=users,o=novell",jd9603-bp4,Denton,John,novell
"cn=jd6011-bp4,ou=users,o=novell",jd6011-bp4,Denotter,Jonathan,novell
"cn=jd8557-bp4,ou=users,o=novell",jd8557-bp4,Denney,Jacob,novell
"cn=md8749-bp4,ou=users,o=novell",md8749-bp4,Dempsey,Matt,novell
"cn=md9026-bp4,ou=users,o=novell",md9026-bp4,Demko,Matthew,novell
"cn=td0950-bp4,ou=users,o=novell",td0950-bp4,Demars,Teresa,novell
"cn=md7318-bp4,ou=users,o=novell",md7318-bp4,Delvalle,Marie,novell
"cn=ad7317-bp4,ou=users,o=novell",ad7317-bp4,Delvalle,Angelie,novell
"cn=md7834-bp4,ou=users,o=novell",md7834-bp4,Deloatch,Mitchell,novell
"cn=md5890-bp4,ou=users,o=novell",md5890-bp4,Deloatch,Mitchell,novell
"cn=cd5251-bp4,ou=users,o=novell",cd5251-bp4,Delgado,Cira,novell
"cn=md0171-bp4,ou=users,o=novell",md0171-bp4,Delatorre,Mike,novell
"cn=sd8002-bp4,ou=users,o=novell",sd8002-bp4,Del,Sorai,novell
"cn=td9581-bp4,ou=users,o=novell",td9581-bp4,Deiter,Tabatha,novell
"cn=td7603-bp4,ou=users,o=novell",td7603-bp4,Debro,Tiffany,novell
"cn=nd8533-bp4,ou=users,o=novell",nd8533-bp4,Deans,Nelson,novell
"cn=ld8500-bp4,ou=users,o=novell",ld8500-bp4,Deans,Lucinda,novell
"cn=cd2965-bp4,ou=users,o=novell",cd2965-bp4,Deans,Christopher,novell
"cn=md7516-bp4,ou=users,o=novell",md7516-bp4,De,Maria,novell
"cn=md8337-bp4,ou=users,o=novell",md8337-bp4,De,Maria,novell
"cn=jd9242-bp4,ou=users,o=novell",jd9242-bp4,Dawson,Jacqueline,novell
"cn=dd9241-bp4,ou=users,o=novell",dd9241-bp4,Dawson,Daniel,novell
"cn=cd8493-bp4,ou=users,o=novell",cd8493-bp4,Dawson,Cody,novell
"cn=cd7700-bp4,ou=users,o=novell",cd7700-bp4,Dawson,Christopher,novell
"cn=cd4990-bp4,ou=users,o=novell",cd4990-bp4,Dawson,Christopher,novell
"cn=bd7655-bp4,ou=users,o=novell",bd7655-bp4,Dawson,Brenda,novell
"cn=ad5666-bp4,ou=users,o=novell",ad5666-bp4,Dawley,Andrew,novell
"cn=gd7035-bp4,ou=users,o=novell",gd7035-bp4,Dawkins,George,novell
"cn=wd7461-bp4,ou=users,o=novell",wd7461-bp4,Davis,William,novell
"cn=vd3459-bp4,ou=users,o=novell",vd3459-bp4,Davis,Vinson,novell
"cn=vd2238-bp4,ou=users,o=novell",vd2238-bp4,Davis,Valerie,novell
"cn=td9010-bp4,ou=users,o=novell",td9010-bp4,Davis,Travis,novell
"cn=sd1880-bp4,ou=users,o=novell",sd1880-bp4,Davis,Susan,novell
"cn=rd4774-bp4,ou=users,o=novell",rd4774-bp4,Davis,Russell,novell
"cn=rd1862-bp4,ou=users,o=novell",rd1862-bp4,Davis,Richard,novell
"cn=rd9617-bp4,ou=users,o=novell",rd9617-bp4,Davis,Richard,novell
"cn=pd4526-bp4,ou=users,o=novell",pd4526-bp4,Davis,Paul,novell
"cn=md5311-bp4,ou=users,o=novell",md5311-bp4,Davis,Micquell,novell
"cn=kd4976-bp4,ou=users,o=novell",kd4976-bp4,Davis,Kimberly,novell
"cn=kd9757-bp4,ou=users,o=novell",kd9757-bp4,Davis,Kenneth,novell
"cn=kd6302-bp4,ou=users,o=novell",kd6302-bp4,Davis,Kayla,novell
"cn=jd3940-bp4,ou=users,o=novell",jd3940-bp4,Davis,Julie,novell
"cn=jd2643-bp4,ou=users,o=novell",jd2643-bp4,Davis,Joshua,novell
"cn=jd4957-bp4,ou=users,o=novell",jd4957-bp4,Davis,Joshua,novell
"cn=jd8863-bp4,ou=users,o=novell",jd8863-bp4,Davis,John,novell
"cn=jd2787-bp4,ou=users,o=novell",jd2787-bp4,Davis,Jeffrey,novell
"cn=jd3420-bp4,ou=users,o=novell",jd3420-bp4,Davis,Jamie,novell
"cn=jd8003-bp4,ou=users,o=novell",jd8003-bp4,Davis,Jamel,novell
"cn=hd8677-bp4,ou=users,o=novell",hd8677-bp4,Davis,Helen,novell
"cn=gd2198-bp4,ou=users,o=novell",gd2198-bp4,Davis,Gail,novell
"cn=fd7492-bp4,ou=users,o=novell",fd7492-bp4,Davis,Franklin,novell
"cn=ed9940-bp4,ou=users,o=novell",ed9940-bp4,Davis,Elvira,novell
"cn=ed0272-bp4,ou=users,o=novell",ed0272-bp4,Davis,Ellie,novell
"cn=dd8303-bp4,ou=users,o=novell",dd8303-bp4,Davis,Douglas,novell
"cn=dd0027-bp4,ou=users,o=novell",dd0027-bp4,Davis,Daniel,novell
"cn=cd0327-bp4,ou=users,o=novell",cd0327-bp4,Davis,Crystal,novell
"cn=cd5233-bp4,ou=users,o=novell",cd5233-bp4,Davis,Christopher,novell
"cn=cd0921-bp4,ou=users,o=novell",cd0921-bp4,Davis,Carson,novell
"cn=bd1024-bp4,ou=users,o=novell",bd1024-bp4,Davis,Brittany,novell
"cn=bd6378-bp4,ou=users,o=novell",bd6378-bp4,Davis,Brandon,novell
"cn=bd324-bp4,ou=users,o=novell",bd324-bp4,Davis,Barbara,novell
"cn=ad0603-bp4,ou=users,o=novell",ad0603-bp4,Davis,Ashley,novell
"cn=ad6012-bp4,ou=users,o=novell",ad6012-bp4,Davis,Anthony,novell
"cn=ad6340-bp4,ou=users,o=novell",ad6340-bp4,Davis,Anthony,novell
"cn=ad1105-bp4,ou=users,o=novell",ad1105-bp4,Davis,Albert,novell
"cn=ad9246-bp4,ou=users,o=novell",ad9246-bp4,Davis,Aaron,novell
"cn=jd7934-bp4,ou=users,o=novell",jd7934-bp4,David,Joshua,novell
"cn=dd1900-bp4,ou=users,o=novell",dd1900-bp4,David,Dwight,novell
"cn=dd8045-bp4,ou=users,o=novell",dd8045-bp4,Daughtry,David,novell
"cn=cd3083-bp4,ou=users,o=novell",cd3083-bp4,Daughtridge,Clara,novell
"cn=td1097-bp4,ou=users,o=novell",td1097-bp4,Daugherty,Timothy,novell
"cn=od0570-bp4,ou=users,o=novell",od0570-bp4,Dare,Olatunbosun,novell
"cn=td4928-bp4,ou=users,o=novell",td4928-bp4,Darden,Tyrus,novell
"cn=sd8458-bp4,ou=users,o=novell",sd8458-bp4,Darden,Shekia,novell
"cn=nd7412-bp4,ou=users,o=novell",nd7412-bp4,Darden,Natasha,novell
"cn=nd3213-bp4,ou=users,o=novell",nd3213-bp4,Darden,Nakia,novell
"cn=md6862-bp4,ou=users,o=novell",md6862-bp4,Darden,Miltron,novell
"cn=md7526-bp4,ou=users,o=novell",md7526-bp4,Darden,Milton,novell
"cn=jd3345-bp4,ou=users,o=novell",jd3345-bp4,Darden,Judy,novell
"cn=cd8998-bp4,ou=users,o=novell",cd8998-bp4,Danner,Clinton,novell
"cn=wd0530-bp4,ou=users,o=novell",wd0530-bp4,Daniel,William,novell
"cn=rd0958-bp4,ou=users,o=novell",rd0958-bp4,Daniels,Rebecca,novell
"cn=md5353-bp4,ou=users,o=novell",md5353-bp4,Daniels,Melissa,novell
"cn=ld6765-bp4,ou=users,o=novell",ld6765-bp4,Daniels,Larry,novell
"cn=ld6786-bp4,ou=users,o=novell",ld6786-bp4,Daniels,Larray,novell
"cn=ld0536-bp4,ou=users,o=novell",ld0536-bp4,Daniels,Lamont,novell
"cn=jd0156-bp4,ou=users,o=novell",jd0156-bp4,Daniels,Jermon,novell
"cn=gd7954-bp4,ou=users,o=novell",gd7954-bp4,Daniels,George,novell
"cn=fd2941-bp4,ou=users,o=novell",fd2941-bp4,Daniels,Fonya,novell
"cn=ed2083-bp4,ou=users,o=novell",ed2083-bp4,Daniels,Eric,novell
"cn=cd8193-bp4,ou=users,o=novell",cd8193-bp4,Daniels,Christian,novell
"cn=cd2007-bp4,ou=users,o=novell",cd2007-bp4,Daniels,Calvin,novell
"cn=ad0733-bp4,ou=users,o=novell",ad0733-bp4,Daniels,Alvino,novell
"cn=ad8610-bp4,ou=users,o=novell",ad8610-bp4,Daniels,Alvino,novell
"cn=pd8289-bp4,ou=users,o=novell",pd8289-bp4,Daniel,Paul,novell
"cn=td8342-bp4,ou=users,o=novell",td8342-bp4,Dalton,Taylor,novell
"cn=bd8324-bp4,ou=users,o=novell",bd8324-bp4,Dale,Bruce,novell
"cn=dc8452-bp4,ou=users,o=novell",dc8452-bp4,Czlonka,Daniel,novell
"cn=jc0956-bp4,ou=users,o=novell",jc0956-bp4,Cutchins,Jordan,novell
"cn=dc6764-bp4,ou=users,o=novell",dc6764-bp4,Curtis,Delores,novell
"cn=dc0713-bp4,ou=users,o=novell",dc0713-bp4,Curtis,Deapreo,novell
"cn=jc0593-bp4,ou=users,o=novell",jc0593-bp4,Curry,Joshua,novell
"cn=mc1902-bp4,ou=users,o=novell",mc1902-bp4,Currin,Mike,novell
"cn=dc8697-bp4,ou=users,o=novell",dc8697-bp4,Currie,Donna,novell
"cn=mc9385-bp4,ou=users,o=novell",mc9385-bp4,Cunningham,Michael,novell
"cn=cc8473-bp4,ou=users,o=novell",cc8473-bp4,Cunningham,Chassidy,novell
"cn=jc2704-bp4,ou=users,o=novell",jc2704-bp4,Cummings,Joshua,novell
"cn=jc1107-bp4,ou=users,o=novell",jc1107-bp4,Cummings,Jamie,novell
"cn=kc0623-bp4,ou=users,o=novell",kc0623-bp4,Culin,Kris,novell
"cn=tc3074-bp4,ou=users,o=novell",tc3074-bp4,Cuervo,Tatiana,novell
"cn=ac1148-bp4,ou=users,o=novell",ac1148-bp4,Cryer,Amanda,novell
"cn=rc7906-bp4,ou=users,o=novell",rc7906-bp4,Cruz,Romeo,novell
"cn=mc0991-bp4,ou=users,o=novell",mc0991-bp4,Anthony,Mark,novell
"cn=lc5016-bp4,ou=users,o=novell",lc5016-bp4,Cruz,Luz,novell
"cn=ac9565-bp4,ou=users,o=novell",ac9565-bp4,Cruz-Catana,Arisbet,novell
"cn=sc4394-bp4,ou=users,o=novell",sc4394-bp4,Crumpler,Sue,novell
"cn=bc5404-bp4,ou=users,o=novell",bc5404-bp4,Crumpler,Brandon,novell
"cn=ac5595-bp4,ou=users,o=novell",ac5595-bp4,Crumpler,Andrew,novell
"cn=sc6348-bp4,ou=users,o=novell",sc6348-bp4,Crumel,Sparkle,novell
"cn=mc6914-bp4,ou=users,o=novell",mc6914-bp4,Crumbley,Miquail,novell
"cn=oc9091-bp4,ou=users,o=novell",oc9091-bp4,Crul-Quiroz,Olga,novell
"cn=kc0606-bp4,ou=users,o=novell",kc0606-bp4,Crudup,Kiona,novell
"cn=rc2063-bp4,ou=users,o=novell",rc2063-bp4,Crowder,Rose,novell
"cn=sc1029-bp4,ou=users,o=novell",sc1029-bp4,Croom,Sofia,novell
"cn=dc5167-bp4,ou=users,o=novell",dc5167-bp4,Crooms,Damien,novell
"cn=bc8721-bp4,ou=users,o=novell",bc8721-bp4,Crooms,Bobby,novell
"cn=ac0736-bp4,ou=users,o=novell",ac0736-bp4,Cromer,Ashley,novell
"cn=kc0898-bp4,ou=users,o=novell",kc0898-bp4,Crocker,Kristen,novell
"cn=jc4674-bp4,ou=users,o=novell",jc4674-bp4,Crisp,Joseph,novell
"cn=jc1786-bp4,ou=users,o=novell",jc1786-bp4,Crews,Jamie,novell
"cn=hc3247-bp4,ou=users,o=novell",hc3247-bp4,Crenshaw,Harlan,novell
"cn=sc7988-bp4,ou=users,o=novell",sc7988-bp4,Creech,Shakeal,novell
"cn=sc8444-bp4,ou=users,o=novell",sc8444-bp4,Creech,Sallie,novell
"cn=mc8119-bp4,ou=users,o=novell",mc8119-bp4,Creech,Matthew,novell
"cn=dc4946-bp4,ou=users,o=novell",dc4946-bp4,Creech,Denise,novell
"cn=cc1685-bp4,ou=users,o=novell",cc1685-bp4,Creech,Chad,novell
"cn=ac1062-bp4,ou=users,o=novell",ac1062-bp4,Creech,Amy,novell
"cn=nc9838-bp4,ou=users,o=novell",nc9838-bp4,Crawford,Nequan,novell
"cn=cc1025-bp4,ou=users,o=novell",cc1025-bp4,Crawford,Cameron,novell
"cn=jc1159-bp4,ou=users,o=novell",jc1159-bp4,Cranmer,Jeffery,novell
"cn=kc8617-bp4,ou=users,o=novell",kc8617-bp4,Crank,Kristin,novell
"cn=ec6108-bp4,ou=users,o=novell",ec6108-bp4,Cranford,Elizabeth,novell
"cn=mc8762-bp4,ou=users,o=novell",mc8762-bp4,Crain,Michael,novell
"cn=ec8625-bp4,ou=users,o=novell",ec8625-bp4,Craig,Elaine,novell
"cn=dc6730-bp4,ou=users,o=novell",dc6730-bp4,Craig,Darren,novell
"cn=kc0920-bp4,ou=users,o=novell",kc0920-bp4,Craft,Katelyn,novell
"cn=tc7760-bp4,ou=users,o=novell",tc7760-bp4,Cox,Terrence,novell
"cn=rc9848-bp4,ou=users,o=novell",rc9848-bp4,Cox,Randall,novell
"cn=lc3013-bp4,ou=users,o=novell",lc3013-bp4,Cox,Linda,novell
"cn=lc6150-bp4,ou=users,o=novell",lc6150-bp4,Cox,Latoria,novell
"cn=kc4851-bp4,ou=users,o=novell",kc4851-bp4,Cox,Kelly,novell
"cn=jc3099-bp4,ou=users,o=novell",jc3099-bp4,Cox,Justin,novell
"cn=gc7890-bp4,ou=users,o=novell",gc7890-bp4,Cox,Gernese,novell
"cn=mc8988-bp4,ou=users,o=novell",mc8988-bp4,Cowell,Michelle,novell
"cn=rc4538-bp4,ou=users,o=novell",rc4538-bp4,Cowan,Robert,novell
"cn=mc4624-bp4,ou=users,o=novell",mc4624-bp4,Covington,Myron,novell
"cn=kc5714-bp4,ou=users,o=novell",kc5714-bp4,Covington,Kierra,novell
"cn=kc7605-bp4,ou=users,o=novell",kc7605-bp4,Covington,Kendra,novell
"cn=dc1211-bp4,ou=users,o=novell",dc1211-bp4,Coughlin,Dennis,novell
"cn=wc2929-bp4,ou=users,o=novell",wc2929-bp4,Cotton,Willie,novell
"cn=tc7382-bp4,ou=users,o=novell",tc7382-bp4,Cotton,Tony,novell
"cn=jc4588-bp4,ou=users,o=novell",jc4588-bp4,Cotton,Jennifer,novell
"cn=cc1136-bp4,ou=users,o=novell",cc1136-bp4,Cotton,Christopher,novell
"cn=mc6628-bp4,ou=users,o=novell",mc6628-bp4,Costa,Miles,novell
"cn=lc9549-bp4,ou=users,o=novell",lc9549-bp4,Coronado,Luis,novell
"cn=jc1877-bp4,ou=users,o=novell",jc1877-bp4,Corn,Janet,novell
"cn=jc0529-bp4,ou=users,o=novell",jc0529-bp4,Cornett,James,novell
"cn=wc5714-bp4,ou=users,o=novell",wc5714-bp4,Cornell,William,novell
"cn=rc0933-bp4,ou=users,o=novell",rc0933-bp4,Core,Robyn,novell
"cn=cc0594-bp4,ou=users,o=novell",cc0594-bp4,Cordina,Christopher,novell
"cn=sc4652-bp4,ou=users,o=novell",sc4652-bp4,Cordell,Steve,novell
"cn=dc0158-bp4,ou=users,o=novell",dc0158-bp4,Cordell,Dena,novell
"cn=cc3695-bp4,ou=users,o=novell",cc3695-bp4,Corbitt,Charles,novell
"cn=sc9320-bp4,ou=users,o=novell",sc9320-bp4,Corbett,Stanley,novell
"cn=mc4019-bp4,ou=users,o=novell",mc4019-bp4,Corbett,Michael,novell
"cn=jc9938-bp4,ou=users,o=novell",jc9938-bp4,Corbett,Joseph,novell
"cn=jc4644-bp4,ou=users,o=novell",jc4644-bp4,Corbett,Johnny,novell
"cn=ac3012-bp4,ou=users,o=novell",ac3012-bp4,Coor,Anthony,novell
"cn=wc4544-bp4,ou=users,o=novell",wc4544-bp4,Cooper,Walter,novell
"cn=tc2386-bp4,ou=users,o=novell",tc2386-bp4,Cooper,Tanieca,novell
"cn=sc8038-bp4,ou=users,o=novell",sc8038-bp4,Cooper,Slang,novell
"cn=sc4289-bp4,ou=users,o=novell",sc4289-bp4,Cooper,Shaquille,novell
"cn=sc2715-bp4,ou=users,o=novell",sc2715-bp4,Cooper,Sarah,novell
"cn=nc2452-bp4,ou=users,o=novell",nc2452-bp4,Cooper,Nahoma,novell
"cn=mc3997-bp4,ou=users,o=novell",mc3997-bp4,Cooper,Malik,novell
"cn=lc3857-bp4,ou=users,o=novell",lc3857-bp4,Cooper,Lawanda,novell
"cn=kc6089-bp4,ou=users,o=novell",kc6089-bp4,Cooper,Keisha,novell
"cn=kc6694-bp4,ou=users,o=novell",kc6694-bp4,Cooper,Kara,novell
"cn=jc1162-bp4,ou=users,o=novell",jc1162-bp4,Cooper,Jerome,novell
"cn=gc3837-bp4,ou=users,o=novell",gc3837-bp4,Cooper,George,novell
"cn=dc1038-bp4,ou=users,o=novell",dc1038-bp4,Cooper,Derek,novell
"cn=cc3093-bp4,ou=users,o=novell",cc3093-bp4,Cooper,Carolyn,novell
"cn=hc0732-bp4,ou=users,o=novell",hc0732-bp4,Coombs,Haley,novell
"cn=fc4428-bp4,ou=users,o=novell",fc4428-bp4,Cooley,Frances,novell
"cn=vc9265-bp4,ou=users,o=novell",vc9265-bp4,Cook,Victoria,novell
"cn=kc8876-bp4,ou=users,o=novell",kc8876-bp4,Cook,Kevin,novell
"cn=jc7517-bp4,ou=users,o=novell",jc7517-bp4,Cooke,Johnny,novell
"cn=cc3592-bp4,ou=users,o=novell",cc3592-bp4,Cooke,Clifton,novell
"cn=cc8496-bp4,ou=users,o=novell",cc8496-bp4,Cook,Clarence,novell
"cn=ic4530-bp4,ou=users,o=novell",ic4530-bp4,Contreras,Idalia,novell
"cn=ec7990-bp4,ou=users,o=novell",ec7990-bp4,Consuelo,Elisa,novell
"cn=mc6663-bp4,ou=users,o=novell",mc6663-bp4,Connor,Marc,novell
"cn=jc4170-bp4,ou=users,o=novell",jc4170-bp4,Connor,Jane,novell
"cn=bc0827-bp4,ou=users,o=novell",bc0827-bp4,Connie,Bobby,novell
"cn=hc0885-bp4,ou=users,o=novell",hc0885-bp4,Conner,Helen,novell
"cn=bc7950-bp4,ou=users,o=novell",bc7950-bp4,Conner,Brian,novell
"cn=dc8412-bp4,ou=users,o=novell",dc8412-bp4,Cone,David,novell
"cn=ac8305-bp4,ou=users,o=novell",ac8305-bp4,Cone,Ashley,novell
"cn=mc5219-bp4,ou=users,o=novell",mc5219-bp4,Comly,Murray,novell
"cn=dc6033-bp4,ou=users,o=novell",dc6033-bp4,Combs,Donna,novell
"cn=tc7479-bp4,ou=users,o=novell",tc7479-bp4,Colson,Tyler,novell
"cn=ec1223-bp4,ou=users,o=novell",ec1223-bp4,Colson,Eric,novell
"cn=dc9992-bp4,ou=users,o=novell",dc9992-bp4,Colquitt,Durward,novell
"cn=tc1072-bp4,ou=users,o=novell",tc1072-bp4,Colorado,Tulia,novell
"cn=rc2308-bp4,ou=users,o=novell",rc2308-bp4,Collura,Richard,novell
"cn=vc9545-bp4,ou=users,o=novell",vc9545-bp4,Collins,Vesta,novell
"cn=mc8231-bp4,ou=users,o=novell",mc8231-bp4,Collins,Michael,novell
"cn=dc0089-bp4,ou=users,o=novell",dc0089-bp4,Collins,Daniel,novell
"cn=tc8865-bp4,ou=users,o=novell",tc8865-bp4,Collie,Timothy,novell
"cn=mc6003-bp4,ou=users,o=novell",mc6003-bp4,Collier,Marvin,novell
"cn=ac1156-bp4,ou=users,o=novell",ac1156-bp4,Collier,Allison,novell
"cn=gc3794-bp4,ou=users,o=novell",gc3794-bp4,Collie,George,novell
"cn=ac3301-bp4,ou=users,o=novell",ac3301-bp4,Colin,Alejandra,novell
"cn=kc5109-bp4,ou=users,o=novell",kc5109-bp4,Coley,Kimberly,novell
"cn=gc1972-bp4,ou=users,o=novell",gc1972-bp4,Coley,Gene,novell
"cn=dc5119-bp4,ou=users,o=novell",dc5119-bp4,Coley,Dennis,novell
"cn=cc9635-bp4,ou=users,o=novell",cc9635-bp4,Coley,Craig,novell
"cn=bc8256-bp4,ou=users,o=novell",bc8256-bp4,Coley,Barbara,novell
"cn=ac2947-bp4,ou=users,o=novell",ac2947-bp4,Coley,Andrew,novell
"cn=ac5250-bp4,ou=users,o=novell",ac5250-bp4,Coley,Alvin,novell
"cn=sc6000-bp4,ou=users,o=novell",sc6000-bp4,Coleman,Stephen,novell
"cn=rc3293-bp4,ou=users,o=novell",rc3293-bp4,Coleman,Rosa,novell
"cn=mc0966-bp4,ou=users,o=novell",mc0966-bp4,Coleman,Margaret,novell
"cn=jc7797-bp4,ou=users,o=novell",jc7797-bp4,Coleman,Johnnie,novell
"cn=jc8219-bp4,ou=users,o=novell",jc8219-bp4,Coleman,John,novell
"cn=ic7046-bp4,ou=users,o=novell",ic7046-bp4,Coleman,Irene,novell
"cn=dc8188-bp4,ou=users,o=novell",dc8188-bp4,Coleman,Dazmine,novell
"cn=bc8047-bp4,ou=users,o=novell",bc8047-bp4,Coleman,Brian,novell
"cn=sc3872-bp4,ou=users,o=novell",sc3872-bp4,Coggins,Stacy,novell
"cn=rc1410-bp4,ou=users,o=novell",rc1410-bp4,Coggins,Richard,novell
"cn=ec0220-bp4,ou=users,o=novell",ec0220-bp4,Cofoid,Eric,novell
"cn=rc8616-bp4,ou=users,o=novell",rc8616-bp4,Cockrell,Ronnia,novell
"cn=kc0128-bp4,ou=users,o=novell",kc0128-bp4,Cobb,Kevin,novell
"cn=ec7487-bp4,ou=users,o=novell",ec7487-bp4,Cobb,Esther,novell
"cn=ec4256-bp4,ou=users,o=novell",ec4256-bp4,Cobb,Eric,novell
"cn=dc7509-bp4,ou=users,o=novell",dc7509-bp4,Cobb,Dwayne,novell
"cn=jc9320-bp4,ou=users,o=novell",jc9320-bp4,Coats,Jack,novell
"cn=jc8782-bp4,ou=users,o=novell",jc8782-bp4,Coates,Jonathan,novell
"cn=sc1823-bp4,ou=users,o=novell",sc1823-bp4,Clifton,Sharieka,novell
"cn=jc9896-bp4,ou=users,o=novell",jc9896-bp4,Clifton,James,novell
"cn=jc8385-bp4,ou=users,o=novell",jc8385-bp4,Clifford,Joseph,novell
"cn=tc6995-bp4,ou=users,o=novell",tc6995-bp4,Clemmons,Tasha,novell
"cn=mc4370-bp4,ou=users,o=novell",mc4370-bp4,Clemmons,Marcus,novell
"cn=jc3211-bp4,ou=users,o=novell",jc3211-bp4,Clemmons,Justin,novell
"cn=mc4511-bp4,ou=users,o=novell",mc4511-bp4,Clements,Michael,novell
"cn=qc3238-bp4,ou=users,o=novell",qc3238-bp4,Clayton,Qoahir,novell
"cn=gc2275-bp4,ou=users,o=novell",gc2275-bp4,Clayton,Grover,novell
"cn=mc9856-bp4,ou=users,o=novell",mc9856-bp4,Clay,Michael,novell
"cn=wc0513-bp4,ou=users,o=novell",wc0513-bp4,Clark,William,novell
"cn=tc7989-bp4,ou=users,o=novell",tc7989-bp4,Clark,Timothy,novell
"cn=mc9948-bp4,ou=users,o=novell",mc9948-bp4,Clark,Melissa,novell
"cn=mc2194-bp4,ou=users,o=novell",mc2194-bp4,Clark,Matthew,novell
"cn=kc0086-bp4,ou=users,o=novell",kc0086-bp4,Clark,Krystal,novell
"cn=jc0821-bp4,ou=users,o=novell",jc0821-bp4,Clark,Joshua,novell
"cn=jc1028-bp4,ou=users,o=novell",jc1028-bp4,Clark,Jedidiah,novell
"cn=jc0765-bp4,ou=users,o=novell",jc0765-bp4,Clark,Jazmin,novell
"cn=gc9156-bp4,ou=users,o=novell",gc9156-bp4,Clarke,Gary,novell
"cn=dc1316-bp4,ou=users,o=novell",dc1316-bp4,Clark,David,novell
"cn=cc8615-bp4,ou=users,o=novell",cc8615-bp4,Clark,Caroline,novell
"cn=cc0137-bp4,ou=users,o=novell",cc0137-bp4,Clark,Carol,novell
"cn=ac6110-bp4,ou=users,o=novell",ac6110-bp4,Clark,Alice,novell
"cn=lc8680-bp4,ou=users,o=novell",lc8680-bp4,Clanton,LannTjuan,novell
"cn=kc8650-bp4,ou=users,o=novell",kc8650-bp4,Cintron,Karlika,novell
"cn=bc1075-bp4,ou=users,o=novell",bc1075-bp4,Cieslinski,Brian,novell
"cn=rc7746-bp4,ou=users,o=novell",rc7746-bp4,Chunhu,Rama,novell
"cn=cc9083-bp4,ou=users,o=novell",cc9083-bp4,Christopher,Claude,novell
"cn=nc3549-bp4,ou=users,o=novell",nc3549-bp4,Christianson,Noah,novell
"cn=bc5008-bp4,ou=users,o=novell",bc5008-bp4,Christensen,Brittney,novell
"cn=rc8419-bp4,ou=users,o=novell",rc8419-bp4,Chiquillo,Ruben,novell
"cn=cc1118-bp4,ou=users,o=novell",cc1118-bp4,Chin,Christopher,novell
"cn=sc0505-bp4,ou=users,o=novell",sc0505-bp4,Chikhi,Sylvia,novell
"cn=jc2990-bp4,ou=users,o=novell",jc2990-bp4,Cherry,Jimmy,novell
"cn=jc1636-bp4,ou=users,o=novell",jc1636-bp4,Cherry,Jamecka,novell
"cn=cc8659-bp4,ou=users,o=novell",cc8659-bp4,Cherry,Cynthia,novell
"cn=yc0168-bp4,ou=users,o=novell",yc0168-bp4,Chen,Yu,novell
"cn=tc9545-bp4,ou=users,o=novell",tc9545-bp4,Chavis,Tavarius,novell
"cn=vc8850-bp4,ou=users,o=novell",vc8850-bp4,Chavez,Victor,novell
"cn=vc8193-bp4,ou=users,o=novell",vc8193-bp4,Chavez,Veronica,novell
"cn=dc3857-bp4,ou=users,o=novell",dc3857-bp4,Chavez,David,novell
"cn=dc7311-bp4,ou=users,o=novell",dc7311-bp4,Chavez,David,novell
"cn=ac9544-bp4,ou=users,o=novell",ac9544-bp4,Chavez,Angelica,novell
"cn=yc4729-bp4,ou=users,o=novell",yc4729-bp4,Chavez-Mejia,Yuri,novell
"cn=vc0845-bp4,ou=users,o=novell",vc0845-bp4,Chatman,Vera,novell
"cn=sc2027-bp4,ou=users,o=novell",sc2027-bp4,Chatman,Staron,novell
"cn=rc7987-bp4,ou=users,o=novell",rc7987-bp4,Chatman,Rayven,novell
"cn=rc0201-bp4,ou=users,o=novell",rc0201-bp4,Chapman,Ronald,novell
"cn=jc3722-bp4,ou=users,o=novell",jc3722-bp4,Chapman,Joselyn,novell
"cn=dc8696-bp4,ou=users,o=novell",dc8696-bp4,Chandler,Deborah,novell
"cn=jc0119-bp4,ou=users,o=novell",jc0119-bp4,Cerritos-Batres,Jose,novell
"cn=ec9594-bp4,ou=users,o=novell",ec9594-bp4,Cazarin,Eduardo,novell
"cn=pc1644-bp4,ou=users,o=novell",pc1644-bp4,Cazares,Pedro,novell
"cn=tc8230-bp4,ou=users,o=novell",tc8230-bp4,Cave,Timothy,novell
"cn=jc6374-bp4,ou=users,o=novell",jc6374-bp4,Cauley,James,novell
"cn=gc9846-bp4,ou=users,o=novell",gc9846-bp4,Caulder,George,novell
"cn=dc7350-bp4,ou=users,o=novell",dc7350-bp4,Cates,Diana,novell
"cn=vc6784-bp4,ou=users,o=novell",vc6784-bp4,Catana-Guzman,Vianey,novell
"cn=kc1694-bp4,ou=users,o=novell",kc1694-bp4,Casulli,Kathleen,novell
"cn=sc4755-bp4,ou=users,o=novell",sc4755-bp4,Castro,Sandra,novell
"cn=fc3392-bp4,ou=users,o=novell",fc3392-bp4,Castro-Medina,Flor,novell
"cn=ac8668-bp4,ou=users,o=novell",ac8668-bp4,Castillo,Angel,novell
"cn=ic0289-bp4,ou=users,o=novell",ic0289-bp4,Castellow,India,novell
"cn=cc7812-bp4,ou=users,o=novell",cc7812-bp4,Castanzo,Christine,novell
"cn=lc5483-bp4,ou=users,o=novell",lc5483-bp4,Cascell,Lora,novell
"cn=lc8720-bp4,ou=users,o=novell",lc8720-bp4,Cascell,Lara,novell
"cn=sc4123-bp4,ou=users,o=novell",sc4123-bp4,Cary,Sandra,novell
"cn=wc9786-bp4,ou=users,o=novell",wc9786-bp4,Carter,Willis,novell
"cn=tc9831-bp4,ou=users,o=novell",tc9831-bp4,Carter,Tyson,novell
"cn=tc7096-bp4,ou=users,o=novell",tc7096-bp4,Carter,Tyre,novell
"cn=oc4970-bp4,ou=users,o=novell",oc4970-bp4,Carter,Olivia,novell
"cn=mc7427-bp4,ou=users,o=novell",mc7427-bp4,Carter,Matthew,novell
"cn=kc2898-bp4,ou=users,o=novell",kc2898-bp4,Carter,Kedrin,novell
"cn=jc8763-bp4,ou=users,o=novell",jc8763-bp4,Carter,Jeremy,novell
"cn=jc6969-bp4,ou=users,o=novell",jc6969-bp4,Carter,Jasmine,novell
"cn=ec4336-bp4,ou=users,o=novell",ec4336-bp4,Carter,Eileen,novell
"cn=dc0890-bp4,ou=users,o=novell",dc0890-bp4,Carter,Dwayne,novell
"cn=dc7753-bp4,ou=users,o=novell",dc7753-bp4,Carter,Donald,novell
"cn=bc3672-bp4,ou=users,o=novell",bc3672-bp4,Carter,Bobby,novell
"cn=ac2110-bp4,ou=users,o=novell",ac2110-bp4,Carter,Anthony,novell
"cn=gc1113-bp4,ou=users,o=novell",gc1113-bp4,Carson,Gregory,novell
"cn=pc1861-bp4,ou=users,o=novell",pc1861-bp4,Carr,Pokesha,novell
"cn=ac6946-bp4,ou=users,o=novell",ac6946-bp4,Carroll,Artimus,novell
"cn=nc7372-bp4,ou=users,o=novell",nc7372-bp4,Carrillo,Nazario,novell
"cn=hc6224-bp4,ou=users,o=novell",hc6224-bp4,Carr,Helen,novell
"cn=dc7949-bp4,ou=users,o=novell",dc7949-bp4,Carr,Donnie,novell
"cn=bc8908-bp4,ou=users,o=novell",bc8908-bp4,Carr,Bryson,novell
"cn=rc8445-bp4,ou=users,o=novell",rc8445-bp4,Carranza,Rosa,novell
"cn=sc6228-bp4,ou=users,o=novell",sc6228-bp4,Carpenter,Sandra,novell
"cn=lc2151-bp4,ou=users,o=novell",lc2151-bp4,Carpenter,Letisha,novell
"cn=gc9702-bp4,ou=users,o=novell",gc9702-bp4,Carpenter,Glenda,novell
"cn=cc8532-bp4,ou=users,o=novell",cc8532-bp4,Caroon-Hewitt,Christine,novell
"cn=rc8103-bp4,ou=users,o=novell",rc8103-bp4,Carnley,Robin,novell
"cn=ac9582-bp4,ou=users,o=novell",ac9582-bp4,Carlyle,Amy,novell
"cn=jc0026-bp4,ou=users,o=novell",jc0026-bp4,Carlton,Jawon,novell
"cn=jc4043-bp4,ou=users,o=novell",jc4043-bp4,Carlton,Javonna,novell
"cn=dc6117-bp4,ou=users,o=novell",dc6117-bp4,Carlson,Daniel,novell
"cn=pc6709-bp4,ou=users,o=novell",pc6709-bp4,Carcirieri,Patrick,novell
"cn=mc3481-bp4,ou=users,o=novell",mc3481-bp4,Capps,Margaret,novell
"cn=cc9179-bp4,ou=users,o=novell",cc9179-bp4,Capps,Christian,novell
"cn=jc8392-bp4,ou=users,o=novell",jc8392-bp4,Cannon,John,novell
"cn=jc3548-bp4,ou=users,o=novell",jc3548-bp4,Cannon,Jacob,novell
"cn=jc4080-bp4,ou=users,o=novell",jc4080-bp4,Cannon,Jackie,novell
"cn=tc8130-bp4,ou=users,o=novell",tc8130-bp4,Canady,Thomas,novell
"cn=mc6906-bp4,ou=users,o=novell",mc6906-bp4,Canady,Michael,novell
"cn=kc4446-bp4,ou=users,o=novell",kc4446-bp4,Canady,Kinnette,novell
"cn=hc3458-bp4,ou=users,o=novell",hc3458-bp4,Campos,Herminio,novell
"cn=mc8420-bp4,ou=users,o=novell",mc8420-bp4,Campbell,Monica,novell
"cn=kc5154-bp4,ou=users,o=novell",kc5154-bp4,Campbell,Kit,novell
"cn=dc9631-bp4,ou=users,o=novell",dc9631-bp4,Campbell,Derek,novell
"cn=ac1298-bp4,ou=users,o=novell",ac1298-bp4,Campbell,April,novell
"cn=ac9593-bp4,ou=users,o=novell",ac9593-bp4,Campbell,Alissa,novell
"cn=ac9117-bp4,ou=users,o=novell",ac9117-bp4,Camp,Ashley,novell
"cn=sc2985-bp4,ou=users,o=novell",sc2985-bp4,Cameron,Scott,novell
"cn=cc5421-bp4,ou=users,o=novell",cc5421-bp4,Callahan,Carles,novell
"cn=ac9656-bp4,ou=users,o=novell",ac9656-bp4,Caldaro,Alexander,novell
"cn=cc8530-bp4,ou=users,o=novell",cc8530-bp4,Cady,Chad,novell
"cn=rc8842-bp4,ou=users,o=novell",rc8842-bp4,Cabrera,Rufino,novell
"cn=mc5324-bp4,ou=users,o=novell",mc5324-bp4,Cabrera,Melissa,novell
"cn=rb4015-bp4,ou=users,o=novell",rb4015-bp4,Byrd,Richard,novell
"cn=jb1020-bp4,ou=users,o=novell",jb1020-bp4,Byrd,Jennifer,novell
"cn=cb8752-bp4,ou=users,o=novell",cb8752-bp4,Byrd,Cindy,novell
"cn=ab8020-bp4,ou=users,o=novell",ab8020-bp4,Byrd,Allen,novell
"cn=vb5973-bp4,ou=users,o=novell",vb5973-bp4,Bynum,Victoria,novell
"cn=vb1284-bp4,ou=users,o=novell",vb1284-bp4,Bynum,Vanzell,novell
"cn=tb4865-bp4,ou=users,o=novell",tb4865-bp4,Bynum,Teena,novell
"cn=sb6241-bp4,ou=users,o=novell",sb6241-bp4,Bynum,Shelia,novell
"cn=sb5148-bp4,ou=users,o=novell",sb5148-bp4,Bynum,Shawn,novell
"cn=jb9241-bp4,ou=users,o=novell",jb9241-bp4,Bynum,James,novell
"cn=ib7840-bp4,ou=users,o=novell",ib7840-bp4,Bynum,Iris,novell
"cn=cb1513-bp4,ou=users,o=novell",cb1513-bp4,Bynum,Curtis,novell
"cn=cb5146-bp4,ou=users,o=novell",cb5146-bp4,Bynum,Crystal,novell
"cn=cb9569-bp4,ou=users,o=novell",cb9569-bp4,Bynum,Carolyn,novell
"cn=bb4621-bp4,ou=users,o=novell",bb4621-bp4,Bynum,Brooks,novell
"cn=tb8584-bp4,ou=users,o=novell",tb8584-bp4,Bybee,Tammy,novell
"cn=mb4196-bp4,ou=users,o=novell",mb4196-bp4,Butts,Michael,novell
"cn=db0236-bp4,ou=users,o=novell",db0236-bp4,Butts,Donnie,novell
"cn=cb2702-bp4,ou=users,o=novell",cb2702-bp4,Butts,Christopher,novell
"cn=bb8609-bp4,ou=users,o=novell",bb8609-bp4,Butts,Bobbie,novell
"cn=wb8350-bp4,ou=users,o=novell",wb8350-bp4,Butler,Waylon,novell
"cn=db9021-bp4,ou=users,o=novell",db9021-bp4,Butler,Dillon,novell
"cn=ab4537-bp4,ou=users,o=novell",ab4537-bp4,Butler,Ammie,novell
"cn=rb9573-bp4,ou=users,o=novell",rb9573-bp4,Bustos,Roberto,novell
"cn=mb6435-bp4,ou=users,o=novell",mb6435-bp4,Bustos,Martin,novell
"cn=pb0088-bp4,ou=users,o=novell",pb0088-bp4,Bush,Paula,novell
"cn=jb4580-bp4,ou=users,o=novell",jb4580-bp4,Burrus,Jordan,novell
"cn=mb4304-bp4,ou=users,o=novell",mb4304-bp4,Burroughs,Marty,novell
"cn=cb8288-bp4,ou=users,o=novell",cb8288-bp4,Burroughs,Cody,novell
"cn=eb5076-bp4,ou=users,o=novell",eb5076-bp4,Burrell,Eugene,novell
"cn=jb0925-bp4,ou=users,o=novell",jb0925-bp4,Burkett,Jay,novell
"cn=mb2660-bp4,ou=users,o=novell",mb2660-bp4,Burke,Marcine,novell
"cn=db1099-bp4,ou=users,o=novell",db1099-bp4,Burke,Derek,novell
"cn=rb6784-bp4,ou=users,o=novell",rb6784-bp4,Burgess,Ronald,novell
"cn=sb0572-bp4,ou=users,o=novell",sb0572-bp4,Burdoin,Shauna,novell
"cn=tb8459-bp4,ou=users,o=novell",tb8459-bp4,Burch,Torshownna,novell
"cn=tb1826-bp4,ou=users,o=novell",tb1826-bp4,Bunt,Timothy,novell
"cn=hb8497-bp4,ou=users,o=novell",hb8497-bp4,Bunting,Hannah,novell
"cn=tb8835-bp4,ou=users,o=novell",tb8835-bp4,Bunn,Timothy,novell
"cn=rb2090-bp4,ou=users,o=novell",rb2090-bp4,Bunn,Ronald,novell
"cn=jb9444-bp4,ou=users,o=novell",jb9444-bp4,Bunn,John,novell
"cn=db6896-bp4,ou=users,o=novell",db6896-bp4,Bunn,David,novell
"cn=cb5270-bp4,ou=users,o=novell",cb5270-bp4,Bunn,Catherine,novell
"cn=bb0504-bp4,ou=users,o=novell",bb0504-bp4,Bunn,Brittney,novell
"cn=sb0039-bp4,ou=users,o=novell",sb0039-bp4,Bulluck,Shaiquel,novell
"cn=sb0280-bp4,ou=users,o=novell",sb0280-bp4,Bulluck,Sandra,novell
"cn=jb9409-bp4,ou=users,o=novell",jb9409-bp4,Bulluck,Jonathan,novell
"cn=fb0991-bp4,ou=users,o=novell",fb0991-bp4,Bulluck,Felicia,novell
"cn=bb7956-bp4,ou=users,o=novell",bb7956-bp4,Bulluck,Bobby,novell
"cn=wb2811-bp4,ou=users,o=novell",wb2811-bp4,Bullock,Wanda,novell
"cn=tb3964-bp4,ou=users,o=novell",tb3964-bp4,Bullock,Tina,novell
"cn=sb0589-bp4,ou=users,o=novell",sb0589-bp4,Bullock,Sonya,novell
"cn=lb9527-bp4,ou=users,o=novell",lb9527-bp4,Bullock,Leon,novell
"cn=kb5229-bp4,ou=users,o=novell",kb5229-bp4,Bullock,Kesha,novell
"cn=kb1557-bp4,ou=users,o=novell",kb1557-bp4,Bullock,Kenneth,novell
"cn=jb8556-bp4,ou=users,o=novell",jb8556-bp4,Bullock,Jessica,novell
"cn=hb6138-bp4,ou=users,o=novell",hb6138-bp4,Bullock,Harold,novell
"cn=db7202-bp4,ou=users,o=novell",db7202-bp4,Bullock,Daniel,novell
"cn=jb6454-bp4,ou=users,o=novell",jb6454-bp4,Bull,Jennifer,novell
"cn=vb0862-bp4,ou=users,o=novell",vb0862-bp4,Buchanan,Victor,novell
"cn=lb8485-bp4,ou=users,o=novell",lb8485-bp4,Bryce,Lanell,novell
"cn=rb8590-bp4,ou=users,o=novell",rb8590-bp4,Bryant,Ramona,novell
"cn=lb8203-bp4,ou=users,o=novell",lb8203-bp4,Bryant,Lois,novell
"cn=kb7883-bp4,ou=users,o=novell",kb7883-bp4,Bryant,Konswela,novell
"cn=kb1385-bp4,ou=users,o=novell",kb1385-bp4,Bryant,Karen,novell
"cn=jb9703-bp4,ou=users,o=novell",jb9703-bp4,Bryant,Joseph,novell
"cn=jb1904-bp4,ou=users,o=novell",jb1904-bp4,Bryant,Jennifer,novell
"cn=eb8748-bp4,ou=users,o=novell",eb8748-bp4,Bryant,Ellen,novell
"cn=eb9032-bp4,ou=users,o=novell",eb9032-bp4,Bryant,Eddie,novell
"cn=db8778-bp4,ou=users,o=novell",db8778-bp4,Bryant,Dustin,novell
"cn=db9398-bp4,ou=users,o=novell",db9398-bp4,Bryant,Danielle,novell
"cn=cb1634-bp4,ou=users,o=novell",cb1634-bp4,Bryant,Carolyn,novell
"cn=nb1207-bp4,ou=users,o=novell",nb1207-bp4,Bryan,Nathaniel,novell
"cn=db8890-bp4,ou=users,o=novell",db8890-bp4,Brunson,Deshaun,novell
"cn=tb6327-bp4,ou=users,o=novell",tb6327-bp4,Brugh,Thomas,novell
"cn=mb1662-bp4,ou=users,o=novell",mb1662-bp4,Bruce,Michael,novell
"cn=wb1835-bp4,ou=users,o=novell",wb1835-bp4,Brown,William,novell
"cn=vb8614-bp4,ou=users,o=novell",vb8614-bp4,Brown,Veronica,novell
"cn=vb3165-bp4,ou=users,o=novell",vb3165-bp4,Brown,Valesha,novell
"cn=tb1751-bp4,ou=users,o=novell",tb1751-bp4,Brown,Tyrone,novell
"cn=tb8198-bp4,ou=users,o=novell",tb8198-bp4,Brown,Tyra,novell
"cn=tb9513-bp4,ou=users,o=novell",tb9513-bp4,Brown,Tara,novell
"cn=sb9751-bp4,ou=users,o=novell",sb9751-bp4,Brown,Sierra,novell
"cn=sb5699-bp4,ou=users,o=novell",sb5699-bp4,Brown,Shirley,novell
"cn=rb6587-bp4,ou=users,o=novell",rb6587-bp4,Brown,Robert,novell
"cn=rb3875-bp4,ou=users,o=novell",rb3875-bp4,Brown,Richard,novell
"cn=rb0164-bp4,ou=users,o=novell",rb0164-bp4,Brown,Rachel,novell
"cn=mb1668-bp4,ou=users,o=novell",mb1668-bp4,Brown,Marcus,novell
"cn=mb9654-bp4,ou=users,o=novell",mb9654-bp4,Brown,Marcus,novell
"cn=lb7035-bp4,ou=users,o=novell",lb7035-bp4,Brown,Leavy,novell
"cn=kb4032-bp4,ou=users,o=novell",kb4032-bp4,Brown,Katrice,novell
"cn=jb5169-bp4,ou=users,o=novell",jb5169-bp4,Brown,Jerry,novell
"cn=jb7462-bp4,ou=users,o=novell",jb7462-bp4,Brown,Jennifer,novell
"cn=gb4965-bp4,ou=users,o=novell",gb4965-bp4,Brown,Gareth,novell
"cn=cb0185-bp4,ou=users,o=novell",cb0185-bp4,Browne,Christian,novell
"cn=db8641-bp4,ou=users,o=novell",db8641-bp4,Brown,Dominique,novell
"cn=db2161-bp4,ou=users,o=novell",db2161-bp4,Brown,Deborah,novell
"cn=db1271-bp4,ou=users,o=novell",db1271-bp4,Brown,David,novell
"cn=db5123-bp4,ou=users,o=novell",db5123-bp4,Brown,Darroyll,novell
"cn=cb8161-bp4,ou=users,o=novell",cb8161-bp4,Brown,Christopher,novell
"cn=cb6735-bp4,ou=users,o=novell",cb6735-bp4,Brown,Christopher,novell
"cn=bb8336-bp4,ou=users,o=novell",bb8336-bp4,Brown,Brittney,novell
"cn=bb4261-bp4,ou=users,o=novell",bb4261-bp4,Brown,Bobbie,novell
"cn=bb6972-bp4,ou=users,o=novell",bb6972-bp4,Brown,Beverly,novell
"cn=ab2642-bp4,ou=users,o=novell",ab2642-bp4,Brown,Amanda,novell
"cn=rb5044-bp4,ou=users,o=novell",rb5044-bp4,Browder,Richard,novell
"cn=sb0989-bp4,ou=users,o=novell",sb0989-bp4,Brooks,Shelma,novell
"cn=sb7943-bp4,ou=users,o=novell",sb7943-bp4,Brody,Stacy,novell
"cn=db2036-bp4,ou=users,o=novell",db2036-bp4,Brodhage,Dominik,novell
"cn=tb9243-bp4,ou=users,o=novell",tb9243-bp4,Brock,Timothy,novell
"cn=vb3018-bp4,ou=users,o=novell",vb3018-bp4,Brockington,Victoria,novell
"cn=db6965-bp4,ou=users,o=novell",db6965-bp4,Brockington,Dianne,novell
"cn=ab5728-bp4,ou=users,o=novell",ab5728-bp4,Brito-Hernandez,Amparo,novell
"cn=fb8903-bp4,ou=users,o=novell",fb8903-bp4,Brinkley,Frances,novell
"cn=bb9118-bp4,ou=users,o=novell",bb9118-bp4,Brinkley,Bryan,novell
"cn=db5416-bp4,ou=users,o=novell",db5416-bp4,Brink,Devin,novell
"cn=mb3557-bp4,ou=users,o=novell",mb3557-bp4,Brinchek,Michael,novell
"cn=eb6760-bp4,ou=users,o=novell",eb6760-bp4,Bright,Erin,novell
"cn=wb0759-bp4,ou=users,o=novell",wb0759-bp4,Briggs,Woody,novell
"cn=tb7966-bp4,ou=users,o=novell",tb7966-bp4,Briggs,Tiara,novell
"cn=tb9740-bp4,ou=users,o=novell",tb9740-bp4,Bridgers,Tammy,novell
"cn=ob4988-bp4,ou=users,o=novell",ob4988-bp4,Bridgers,Otis,novell
"cn=mb3787-bp4,ou=users,o=novell",mb3787-bp4,Bridgers,Mignonne,novell
"cn=bb5061-bp4,ou=users,o=novell",bb5061-bp4,Bridgers,Bobbie,novell
"cn=bb1534-bp4,ou=users,o=novell",bb1534-bp4,Bridgers,Billy,novell
"cn=sb7680-bp4,ou=users,o=novell",sb7680-bp4,Brewer,Selby,novell
"cn=mb4449-bp4,ou=users,o=novell",mb4449-bp4,Brewer,Michael,novell
"cn=jb8348-bp4,ou=users,o=novell",jb8348-bp4,Brewer,Joe,novell
"cn=tb0314-bp4,ou=users,o=novell",tb0314-bp4,Breneman,Todd,novell
"cn=sb4032-bp4,ou=users,o=novell",sb4032-bp4,Breen,Shaun,novell
"cn=eb2261-bp4,ou=users,o=novell",eb2261-bp4,Bray,Elton,novell
"cn=nb9707-bp4,ou=users,o=novell",nb9707-bp4,Brayboy,Natalie,novell
"cn=cb9651-bp4,ou=users,o=novell",cb9651-bp4,Braxton,Christopher,novell
"cn=mb3474-bp4,ou=users,o=novell",mb3474-bp4,Bravo,Mayra,novell
"cn=lb8319-bp4,ou=users,o=novell",lb8319-bp4,Bravo,Lorena,novell
"cn=tb5134-bp4,ou=users,o=novell",tb5134-bp4,Braswell,Tommy,novell
"cn=nb1280-bp4,ou=users,o=novell",nb1280-bp4,Braswell,Norman,novell
"cn=kb4263-bp4,ou=users,o=novell",kb4263-bp4,Braswell,Kiara,novell
"cn=jb8417-bp4,ou=users,o=novell",jb8417-bp4,Braswell,Justin,novell
"cn=jb2754-bp4,ou=users,o=novell",jb2754-bp4,Braswell,Josephine,novell
"cn=eb1011-bp4,ou=users,o=novell",eb1011-bp4,Braswell,Eric,novell
"cn=cb9591-bp4,ou=users,o=novell",cb9591-bp4,Braswell,Cody,novell
"cn=jb9579-bp4,ou=users,o=novell",jb9579-bp4,Brantley,Jason,novell
"cn=jb1216-bp4,ou=users,o=novell",jb1216-bp4,Brantley,Jamie,novell
"cn=jb3415-bp4,ou=users,o=novell",jb3415-bp4,Brantley,James,novell
"cn=bb1055-bp4,ou=users,o=novell",bb1055-bp4,Brantley,Becky,novell
"cn=lb7778-bp4,ou=users,o=novell",lb7778-bp4,Branson,Lakiter,novell
"cn=tb7059-bp4,ou=users,o=novell",tb7059-bp4,Brady,Tony,novell
"cn=rb3419-bp4,ou=users,o=novell",rb3419-bp4,Bradshaw,Richard,novell
"cn=jb6124-bp4,ou=users,o=novell",jb6124-bp4,Bradshaw,James,novell
"cn=mb6656-bp4,ou=users,o=novell",mb6656-bp4,Bradley,Michael,novell
"cn=db9377-bp4,ou=users,o=novell",db9377-bp4,Bradley,Denise,novell
"cn=cb1153-bp4,ou=users,o=novell",cb1153-bp4,Bradley,Charvez,novell
"cn=wb6321-bp4,ou=users,o=novell",wb6321-bp4,Bradbury,William,novell
"cn=tb0001-bp4,ou=users,o=novell",tb0001-bp4,Bradberry,Travis,novell
"cn=bb2017-bp4,ou=users,o=novell",bb2017-bp4,Bradberry,Bobby,novell
"cn=jb2304-bp4,ou=users,o=novell",jb2304-bp4,Bracy,James,novell
"cn=bb6182-bp4,ou=users,o=novell",bb6182-bp4,Bozeman,Barbara,novell
"cn=tb1956-bp4,ou=users,o=novell",tb1956-bp4,Boykin,Terri,novell
"cn=tb8307-bp4,ou=users,o=novell",tb8307-bp4,Boykin,Tamesha,novell
"cn=sb5186-bp4,ou=users,o=novell",sb5186-bp4,Boykin,Sherard,novell
"cn=sb3056-bp4,ou=users,o=novell",sb3056-bp4,Boykin,Sharlette,novell
"cn=mb8771-bp4,ou=users,o=novell",mb8771-bp4,Boykin,Michael,novell
"cn=mb6462-bp4,ou=users,o=novell",mb6462-bp4,Boykin,Mark,novell
"cn=lb0623-bp4,ou=users,o=novell",lb0623-bp4,Boykin,Loretta,novell
"cn=jb1427-bp4,ou=users,o=novell",jb1427-bp4,Boykin,James,novell
"cn=gb2845-bp4,ou=users,o=novell",gb2845-bp4,Boykin,G.,novell
"cn=eb1723-bp4,ou=users,o=novell",eb1723-bp4,Boykin,Eula,novell
"cn=eb7066-bp4,ou=users,o=novell",eb7066-bp4,Boykin,Emily,novell
"cn=db2484-bp4,ou=users,o=novell",db2484-bp4,Boykin,David,novell
"cn=bb0329-bp4,ou=users,o=novell",bb0329-bp4,Boykin,Brandon,novell
"cn=bb9055-bp4,ou=users,o=novell",bb9055-bp4,Boykin,Barbara,novell
"cn=hb2423-bp4,ou=users,o=novell",hb2423-bp4,Boykin-Mccoy,Helen,novell
"cn=kb4042-bp4,ou=users,o=novell",kb4042-bp4,Boyette,Kathy,novell
"cn=db6858-bp4,ou=users,o=novell",db6858-bp4,Boyette,Daniel,novell
"cn=wb0714-bp4,ou=users,o=novell",wb0714-bp4,Boyd,William,novell
"cn=lb7200-bp4,ou=users,o=novell",lb7200-bp4,Boyd,Lauren,novell
"cn=jb9179-bp4,ou=users,o=novell",jb9179-bp4,Boyd,Jeffrey,novell
"cn=nb2574-bp4,ou=users,o=novell",nb2574-bp4,Boyce,Nicole,novell
"cn=wb9954-bp4,ou=users,o=novell",wb9954-bp4,Bowser,William,novell
"cn=gb2616-bp4,ou=users,o=novell",gb2616-bp4,Bowman,Gregory,novell
"cn=lb7986-bp4,ou=users,o=novell",lb7986-bp4,Bowling,Louis,novell
"cn=cb7334-bp4,ou=users,o=novell",cb7334-bp4,Bowles,Carol,novell
"cn=db3010-bp4,ou=users,o=novell",db3010-bp4,Bowers,David,novell
"cn=tb0002-bp4,ou=users,o=novell",tb0002-bp4,Bowens,Tradacia,novell
"cn=wb4672-bp4,ou=users,o=novell",wb4672-bp4,Bowden,Willie,novell
"cn=jb2423-bp4,ou=users,o=novell",jb2423-bp4,Bowden,James,novell
"cn=ab2933-bp4,ou=users,o=novell",ab2933-bp4,Boutot,Aloma,novell
"cn=mb8206-bp4,ou=users,o=novell",mb8206-bp4,Bottoms,Mary,novell
"cn=gb1918-bp4,ou=users,o=novell",gb1918-bp4,Bottoms,George,novell
"cn=wb7444-bp4,ou=users,o=novell",wb7444-bp4,Boswell,William,novell
"cn=jb3912-bp4,ou=users,o=novell",jb3912-bp4,Boswell,John,novell
"cn=jb4994-bp4,ou=users,o=novell",jb4994-bp4,Boswell,Jimmy,novell
"cn=cb3596-bp4,ou=users,o=novell",cb3596-bp4,Boswell,Christina,novell
"cn=ab5727-bp4,ou=users,o=novell",ab5727-bp4,Borja,Angel,novell
"cn=jb0829-bp4,ou=users,o=novell",jb0829-bp4,Borgquist,Joseph,novell
"cn=jb8327-bp4,ou=users,o=novell",jb8327-bp4,Boren,Joshua,novell
"cn=jb5641-bp4,ou=users,o=novell",jb5641-bp4,Booth,Jay,novell
"cn=tb1172-bp4,ou=users,o=novell",tb1172-bp4,Boose,Tyron,novell
"cn=sb8092-bp4,ou=users,o=novell",sb8092-bp4,Boose,Stephon,novell
"cn=sb1625-bp4,ou=users,o=novell",sb1625-bp4,Boone,Shemise,novell
"cn=lb3286-bp4,ou=users,o=novell",lb3286-bp4,Boone,Leondrous,novell
"cn=jb6909-bp4,ou=users,o=novell",jb6909-bp4,Boone,Jason,novell
"cn=jb4474-bp4,ou=users,o=novell",jb4474-bp4,Boone,Janice,novell
"cn=eb6643-bp4,ou=users,o=novell",eb6643-bp4,Boone,Ella,novell
"cn=cb3272-bp4,ou=users,o=novell",cb3272-bp4,Boone,Cathy,novell
"cn=jb7184-bp4,ou=users,o=novell",jb7184-bp4,Booker,John,novell
"cn=wb9777-bp4,ou=users,o=novell",wb9777-bp4,Bonner,William,novell
"cn=mb7325-bp4,ou=users,o=novell",mb7325-bp4,Bond,Michael,novell
"cn=mb9396-bp4,ou=users,o=novell",mb9396-bp4,Bond,Michael,novell
"cn=tb1617-bp4,ou=users,o=novell",tb1617-bp4,Bolden,Travis,novell
"cn=mb9715-bp4,ou=users,o=novell",mb9715-bp4,Bohne,Megan,novell
"cn=jb3751-bp4,ou=users,o=novell",jb3751-bp4,Bohne,Jeremy,novell
"cn=kb5666-bp4,ou=users,o=novell",kb5666-bp4,Boddie,Kashonna,novell
"cn=db6145-bp4,ou=users,o=novell",db6145-bp4,Bock,David,novell
"cn=bb7038-bp4,ou=users,o=novell",bb7038-bp4,Bobbitt,Bryan,novell
"cn=cb3148-bp4,ou=users,o=novell",cb3148-bp4,Blythe,Charles,novell
"cn=kb7829-bp4,ou=users,o=novell",kb7829-bp4,Blume,Karen,novell
"cn=tb0472-bp4,ou=users,o=novell",tb0472-bp4,Blue,Tonita,novell
"cn=sb8061-bp4,ou=users,o=novell",sb8061-bp4,Blue,Shakeyla,novell
"cn=cb5480-bp4,ou=users,o=novell",cb5480-bp4,Blue,Chris,novell
"cn=kb4532-bp4,ou=users,o=novell",kb4532-bp4,Blow,Katie,novell
"cn=jb9984-bp4,ou=users,o=novell",jb9984-bp4,Blow,Jeremy,novell
"cn=tb8493-bp4,ou=users,o=novell",tb8493-bp4,Blount,Tarsha,novell
"cn=sb1409-bp4,ou=users,o=novell",sb1409-bp4,Blount,Stephen,novell
"cn=mb9687-bp4,ou=users,o=novell",mb9687-bp4,Blount,Malcolm,novell
"cn=gb5727-bp4,ou=users,o=novell",gb5727-bp4,Blount,Gwendolyn,novell
"cn=cb9097-bp4,ou=users,o=novell",cb9097-bp4,Blount,Charles,novell
"cn=cb9637-bp4,ou=users,o=novell",cb9637-bp4,Bloom,Christopher,novell
"cn=nb7670-bp4,ou=users,o=novell",nb7670-bp4,Blayney,Nicholas,novell
"cn=db1671-bp4,ou=users,o=novell",db1671-bp4,Bland,Dana,novell
"cn=jb1976-bp4,ou=users,o=novell",jb1976-bp4,Blanco,Jose,novell
"cn=tb5306-bp4,ou=users,o=novell",tb5306-bp4,Blanchard,Terry,novell
"cn=mb2466-bp4,ou=users,o=novell",mb2466-bp4,Blanchard,Marquis,novell
"cn=db0171-bp4,ou=users,o=novell",db0171-bp4,Blanchard,Daniel,novell
"cn=tb3048-bp4,ou=users,o=novell",tb3048-bp4,Blair,Timmy,novell
"cn=mb1082-bp4,ou=users,o=novell",mb1082-bp4,Blackwell,Michele,novell
"cn=bb6878-bp4,ou=users,o=novell",bb6878-bp4,Blackston,Brytny,novell
"cn=ab9353-bp4,ou=users,o=novell",ab9353-bp4,Blackmon,Anne,novell
"cn=mb7481-bp4,ou=users,o=novell",mb7481-bp4,Black,Michael,novell
"cn=hb8590-bp4,ou=users,o=novell",hb8590-bp4,Blackburn,Hunter,novell
"cn=jb7611-bp4,ou=users,o=novell",jb7611-bp4,Bizzell,Jeremy,novell
"cn=jb2314-bp4,ou=users,o=novell",jb2314-bp4,Bissette,John,novell
"cn=hb0311-bp4,ou=users,o=novell",hb0311-bp4,Bissette,Harvey,novell
"cn=eb5474-bp4,ou=users,o=novell",eb5474-bp4,Bissette,Ernest,novell
"cn=cb9502-bp4,ou=users,o=novell",cb9502-bp4,Bissette,Christopher,novell
"cn=ab4530-bp4,ou=users,o=novell",ab4530-bp4,Bissette,Ashley,novell
"cn=ab7894-bp4,ou=users,o=novell",ab7894-bp4,Bishop,Andrew,novell
"cn=ab9610-bp4,ou=users,o=novell",ab9610-bp4,Birckett,Alexis,novell
"cn=rb9273-bp4,ou=users,o=novell",rb9273-bp4,Biggerstaff,Richard,novell
"cn=eb1928-bp4,ou=users,o=novell",eb1928-bp4,Biggers,Elizabeth,novell
"cn=tb0101-bp4,ou=users,o=novell",tb0101-bp4,Biddix,Tyler,novell
"cn=tb1744-bp4,ou=users,o=novell",tb1744-bp4,Bethea,Tony,novell
"cn=ab0040-bp4,ou=users,o=novell",ab0040-bp4,Betancourt,Alfredo,novell
"cn=wb7893-bp4,ou=users,o=novell",wb7893-bp4,Best,William,novell
"cn=tb8613-bp4,ou=users,o=novell",tb8613-bp4,Best,Tondia,novell
"cn=tb1572-bp4,ou=users,o=novell",tb1572-bp4,Best,Tashieka,novell
"cn=sb4444-bp4,ou=users,o=novell",sb4444-bp4,Best,Shameka,novell
"cn=rb0342-bp4,ou=users,o=novell",rb0342-bp4,Best,Rebecca,novell
"cn=qb7053-bp4,ou=users,o=novell",qb7053-bp4,Best,Quinton,novell
"cn=mb8443-bp4,ou=users,o=novell",mb8443-bp4,Best,Mary,novell
"cn=lb4292-bp4,ou=users,o=novell",lb4292-bp4,Best,Lorenza,novell
"cn=lb4647-bp4,ou=users,o=novell",lb4647-bp4,Best,Lisa,novell
"cn=jb2265-bp4,ou=users,o=novell",jb2265-bp4,Best,Juanita,novell
"cn=cb4800-bp4,ou=users,o=novell",cb4800-bp4,Best,Conni,novell
"cn=cb8452-bp4,ou=users,o=novell",cb8452-bp4,Best,Christopher,novell
"cn=cb1680-bp4,ou=users,o=novell",cb1680-bp4,Best,Cherlyn,novell
"cn=kb9352-bp4,ou=users,o=novell",kb9352-bp4,Bessey,Karen,novell
"cn=jb1027-bp4,ou=users,o=novell",jb1027-bp4,Berry,Jonathan,novell
"cn=db9382-bp4,ou=users,o=novell",db9382-bp4,Berges,Daniela,novell
"cn=sb1412-bp4,ou=users,o=novell",sb1412-bp4,Benton,Sakinah,novell
"cn=sb0259-bp4,ou=users,o=novell",sb0259-bp4,Benson,Sarah,novell
"cn=mb9541-bp4,ou=users,o=novell",mb9541-bp4,Bennett,Mallory,novell
"cn=jb5689-bp4,ou=users,o=novell",jb5689-bp4,Bender,Jonathan,novell
"cn=mb8415-bp4,ou=users,o=novell",mb8415-bp4,Bell,Marquis,novell
"cn=jb5232-bp4,ou=users,o=novell",jb5232-bp4,Bell,Justin,novell
"cn=db7749-bp4,ou=users,o=novell",db7749-bp4,Bell,Dorothy,novell
"cn=ab9853-bp4,ou=users,o=novell",ab9853-bp4,Bell,Alonzo,novell
"cn=jb1158-bp4,ou=users,o=novell",jb1158-bp4,Belanger,Jerrod,novell
"cn=ab7940-bp4,ou=users,o=novell",ab7940-bp4,Beichner,Ann,novell
"cn=ab7946-bp4,ou=users,o=novell",ab7946-bp4,Beichner,Andy,novell
"cn=pb6692-bp4,ou=users,o=novell",pb6692-bp4,Beer,Pamela,novell
"cn=zb1369-bp4,ou=users,o=novell",zb1369-bp4,Becton,Zina,novell
"cn=mb2397-bp4,ou=users,o=novell",mb2397-bp4,Beckwith,Melanie,novell
"cn=lb3445-bp4,ou=users,o=novell",lb3445-bp4,Beckwith,Lindsay,novell
"cn=cb8203-bp4,ou=users,o=novell",cb8203-bp4,Beckwith,Catherine,novell
"cn=sb7531-bp4,ou=users,o=novell",sb7531-bp4,Beck,Stephen,novell
"cn=rb3089-bp4,ou=users,o=novell",rb3089-bp4,Beamon,Robert,novell
"cn=nb0007-bp4,ou=users,o=novell",nb0007-bp4,Beamon,Nicholas,novell
"cn=mb3229-bp4,ou=users,o=novell",mb3229-bp4,Beamon,Marvin,novell
"cn=cb8379-bp4,ou=users,o=novell",cb8379-bp4,Beamon,Cory,novell
"cn=wb2092-bp4,ou=users,o=novell",wb2092-bp4,Beaman,Wayne,novell
"cn=kb9237-bp4,ou=users,o=novell",kb9237-bp4,Beaman,Kristen,novell
"cn=tb3844-bp4,ou=users,o=novell",tb3844-bp4,Beach,Theo,novell
"cn=nb7182-bp4,ou=users,o=novell",nb7182-bp4,Beach,Nancy,novell
"cn=sb7151-bp4,ou=users,o=novell",sb7151-bp4,Baza,Sara,novell
"cn=eb5153-bp4,ou=users,o=novell",eb5153-bp4,Baza,Erika,novell
"cn=mb8013-bp4,ou=users,o=novell",mb8013-bp4,Bautista,Miguel,novell
"cn=lb8189-bp4,ou=users,o=novell",lb8189-bp4,Bautista,Lorena,novell
"cn=gb9802-bp4,ou=users,o=novell",gb9802-bp4,Bautista,Gustavo,novell
"cn=eb9583-bp4,ou=users,o=novell",eb9583-bp4,Bautista,Ever,novell
"cn=vb6782-bp4,ou=users,o=novell",vb6782-bp4,Bautista-Santillan,Vanessa,novell
"cn=ab9350-bp4,ou=users,o=novell",ab9350-bp4,Baumgartner,Alexis,novell
"cn=cb0289-bp4,ou=users,o=novell",cb0289-bp4,Baugh,Christine,novell
"cn=bb1522-bp4,ou=users,o=novell",bb1522-bp4,Baugham,Brandon,novell
"cn=xb8660-bp4,ou=users,o=novell",xb8660-bp4,Batts,Xavier,novell
"cn=wb9424-bp4,ou=users,o=novell",wb9424-bp4,Batts,William,novell
"cn=tb5319-bp4,ou=users,o=novell",tb5319-bp4,Batts,Tammy,novell
"cn=sb1674-bp4,ou=users,o=novell",sb1674-bp4,Batts,Starlet,novell
"cn=sb4964-bp4,ou=users,o=novell",sb4964-bp4,Batts,Samara,novell
"cn=pb5333-bp4,ou=users,o=novell",pb5333-bp4,Batts,Phillip,novell
"cn=nb8803-bp4,ou=users,o=novell",nb8803-bp4,Batts,Nelson,novell
"cn=mb7592-bp4,ou=users,o=novell",mb7592-bp4,Batts,Mildred,novell
"cn=lb0219-bp4,ou=users,o=novell",lb0219-bp4,Batts,Lorenzo,novell
"cn=bb9589-bp4,ou=users,o=novell",bb9589-bp4,Batts,Brittney,novell
"cn=ab0994-bp4,ou=users,o=novell",ab0994-bp4,Batts,Atonia,novell
"cn=tb1180-bp4,ou=users,o=novell",tb1180-bp4,Battle,Theresa,novell
"cn=sb5780-bp4,ou=users,o=novell",sb5780-bp4,Battle,Shawn,novell
"cn=sb0087-bp4,ou=users,o=novell",sb0087-bp4,Battle,Sandtina,novell
"cn=rb5419-bp4,ou=users,o=novell",rb5419-bp4,Battle,Rosetta,novell
"cn=rb0285-bp4,ou=users,o=novell",rb0285-bp4,Battle,Rashanda,novell
"cn=lb1947-bp4,ou=users,o=novell",lb1947-bp4,Battle,Lorenzo,novell
"cn=lb8750-bp4,ou=users,o=novell",lb8750-bp4,Battle,Lamar,novell
"cn=gb0401-bp4,ou=users,o=novell",gb0401-bp4,Battle,Gloria,novell
"cn=db5703-bp4,ou=users,o=novell",db5703-bp4,Battle,Derrick,novell
"cn=bb4529-bp4,ou=users,o=novell",bb4529-bp4,Battle,Brea,novell
"cn=ab4211-bp4,ou=users,o=novell",ab4211-bp4,Battle,April,novell
"cn=ab7881-bp4,ou=users,o=novell",ab7881-bp4,Battle,Angela,novell
"cn=jb7447-bp4,ou=users,o=novell",jb7447-bp4,Batten,Josh,novell
"cn=rb1175-bp4,ou=users,o=novell",rb1175-bp4,Batres,Rosa,novell
"cn=bb9588-bp4,ou=users,o=novell",bb9588-bp4,Bates,Brianna,novell
"cn=pb3203-bp4,ou=users,o=novell",pb3203-bp4,Bateman,Patricia,novell
"cn=kb7685-bp4,ou=users,o=novell",kb7685-bp4,Batchelor,Kathy,novell
"cn=jb0980-bp4,ou=users,o=novell",jb0980-bp4,Batchelor,Jonathan,novell
"cn=bb6347-bp4,ou=users,o=novell",bb6347-bp4,Batchelor,Bobby,novell
"cn=tb2579-bp4,ou=users,o=novell",tb2579-bp4,Bass,Thomas,novell
"cn=tb7367-bp4,ou=users,o=novell",tb7367-bp4,Bass,Tammy,novell
"cn=rb0764-bp4,ou=users,o=novell",rb0764-bp4,Bass,Robin,novell
"cn=rb8918-bp4,ou=users,o=novell",rb8918-bp4,Bass,Rex,novell
"cn=mb3681-bp4,ou=users,o=novell",mb3681-bp4,Bass,Mitchell,novell
"cn=mb4179-bp4,ou=users,o=novell",mb4179-bp4,Bass,Marshall,novell
"cn=kb6011-bp4,ou=users,o=novell",kb6011-bp4,Bass,Kathy,novell
"cn=jb5971-bp4,ou=users,o=novell",jb5971-bp4,Bass,Jeffrey,novell
"cn=hb3136-bp4,ou=users,o=novell",hb3136-bp4,Bass,Hunter,novell
"cn=hb1134-bp4,ou=users,o=novell",hb1134-bp4,Bass,Heather,novell
"cn=eb1855-bp4,ou=users,o=novell",eb1855-bp4,Bass,Eddie,novell
"cn=bb7741-bp4,ou=users,o=novell",bb7741-bp4,Bass,Brandi,novell
"cn=jb6884-bp4,ou=users,o=novell",jb6884-bp4,Basden,Jesse,novell
"cn=lb6848-bp4,ou=users,o=novell",lb6848-bp4,Bartley,Latoya,novell
"cn=mb7547-bp4,ou=users,o=novell",mb7547-bp4,Bartlett,Megan,novell
"cn=tb0108-bp4,ou=users,o=novell",tb0108-bp4,Barry,Trudy,novell
"cn=rb3282-bp4,ou=users,o=novell",rb3282-bp4,Barron,Reginald,novell
"cn=kb4749-bp4,ou=users,o=novell",kb4749-bp4,Barringer,Kristofer,novell
"cn=wb5340-bp4,ou=users,o=novell",wb5340-bp4,Barrett,William,novell
"cn=jb4273-bp4,ou=users,o=novell",jb4273-bp4,Barrett,Jasmine,novell
"cn=eb7094-bp4,ou=users,o=novell",eb7094-bp4,Barrett,Evadeanna,novell
"cn=ab4659-bp4,ou=users,o=novell",ab4659-bp4,Barrett,Andre,novell
"cn=bb6769-bp4,ou=users,o=novell",bb6769-bp4,Barrera,Bibiana,novell
"cn=ab8711-bp4,ou=users,o=novell",ab8711-bp4,Barrera,Argelia,novell
"cn=kb7977-bp4,ou=users,o=novell",kb7977-bp4,Barnette,Kaitlyn,novell
"cn=cb6101-bp4,ou=users,o=novell",cb6101-bp4,Barnett,Christy,novell
"cn=zb0266-bp4,ou=users,o=novell",zb0266-bp4,Barnes,Zina,novell
"cn=zb5418-bp4,ou=users,o=novell",zb5418-bp4,Barnes,Zachary,novell
"cn=tb8383-bp4,ou=users,o=novell",tb8383-bp4,Barnes,Tyshonda,novell
"cn=tb9720-bp4,ou=users,o=novell",tb9720-bp4,Barnes,Toni,novell
"cn=tb3308-bp4,ou=users,o=novell",tb3308-bp4,Barnes,Tommy,novell
"cn=tb9449-bp4,ou=users,o=novell",tb9449-bp4,Barnes,Tijwana,novell
"cn=tb2216-bp4,ou=users,o=novell",tb2216-bp4,Barnes,Tiarria,novell
"cn=tb4974-bp4,ou=users,o=novell",tb4974-bp4,Barnes,Tammy,novell
"cn=sb1432-bp4,ou=users,o=novell",sb1432-bp4,Barnes,Spencer,novell
"cn=sb7365-bp4,ou=users,o=novell",sb7365-bp4,Barnes,"Shonta"",novell""",
"cn=sb1035-bp4,ou=users,o=novell",sb1035-bp4,Barnes,Shonday,novell
"cn=sb1146-bp4,ou=users,o=novell",sb1146-bp4,Barnes,Shelia,novell
"cn=sb2768-bp4,ou=users,o=novell",sb2768-bp4,Barnes,Sharon,novell
"cn=sb4866-bp4,ou=users,o=novell",sb4866-bp4,Barnes,Shaquira,novell
"cn=sb8071-bp4,ou=users,o=novell",sb8071-bp4,Barnes,Shadasha,novell
"cn=rb6316-bp4,ou=users,o=novell",rb6316-bp4,Barnes,Ronnie,novell
"cn=rb7984-bp4,ou=users,o=novell",rb7984-bp4,Barnes,Raymond,novell
"cn=rb0056-bp4,ou=users,o=novell",rb0056-bp4,Barnes,Rashida,novell
"cn=rb1272-bp4,ou=users,o=novell",rb1272-bp4,Barnes,Randy,novell
"cn=pb2258-bp4,ou=users,o=novell",pb2258-bp4,Barnes,Priscilla,novell
"cn=pb1483-bp4,ou=users,o=novell",pb1483-bp4,Barnes,Pattie,novell
"cn=pb0004-bp4,ou=users,o=novell",pb0004-bp4,Barnes,Patricia,novell
"cn=pb6498-bp4,ou=users,o=novell",pb6498-bp4,Barnes,Patricia,novell
"cn=pb0996-bp4,ou=users,o=novell",pb0996-bp4,Barnes,Pamela,novell
"cn=ob9349-bp4,ou=users,o=novell",ob9349-bp4,Barnes,Octavus,novell
"cn=nb0921-bp4,ou=users,o=novell",nb0921-bp4,Barnes,Nikita,novell
"cn=mb2862-bp4,ou=users,o=novell",mb2862-bp4,Barnes,Mark,novell
"cn=lb2970-bp4,ou=users,o=novell",lb2970-bp4,Barnes,Lela,novell
"cn=lb5565-bp4,ou=users,o=novell",lb5565-bp4,Barnes,Lasheka,novell
"cn=lb9983-bp4,ou=users,o=novell",lb9983-bp4,Barnes,Lakisha,novell
"cn=kb1336-bp4,ou=users,o=novell",kb1336-bp4,Barnes,Kyandrea,novell
"cn=kb8403-bp4,ou=users,o=novell",kb8403-bp4,Barnes,Kenneth,novell
"cn=kb7564-bp4,ou=users,o=novell",kb7564-bp4,Barnes,Kelvin,novell
"cn=kb0837-bp4,ou=users,o=novell",kb0837-bp4,Barnes,Katrina,novell
"cn=kb3388-bp4,ou=users,o=novell",kb3388-bp4,Barnes,Kathy,novell
"cn=jb9586-bp4,ou=users,o=novell",jb9586-bp4,Barnes,Johnathan,novell
"cn=jb1938-bp4,ou=users,o=novell",jb1938-bp4,Barnes,Jitu,novell
"cn=jb3575-bp4,ou=users,o=novell",jb3575-bp4,Barnes,Jessica,novell
"cn=jb2096-bp4,ou=users,o=novell",jb2096-bp4,Barnes,James,novell
"cn=jb8319-bp4,ou=users,o=novell",jb8319-bp4,Barnes,James,novell
"cn=gb2183-bp4,ou=users,o=novell",gb2183-bp4,Barnes,Gregory,novell
"cn=fb3375-bp4,ou=users,o=novell",fb3375-bp4,Barnes,Felicia,novell
"cn=eb2937-bp4,ou=users,o=novell",eb2937-bp4,Barnes,Eric,novell
"cn=eb2402-bp4,ou=users,o=novell",eb2402-bp4,Barnes,Elizabeth,novell
"cn=eb0995-bp4,ou=users,o=novell",eb0995-bp4,Barnes,Edna,novell
"cn=db2416-bp4,ou=users,o=novell",db2416-bp4,Barnes,Doris,novell
"cn=db8728-bp4,ou=users,o=novell",db8728-bp4,Barnes,Doris,novell
"cn=db0091-bp4,ou=users,o=novell",db0091-bp4,Barnes,Donnie,novell
"cn=db9862-bp4,ou=users,o=novell",db9862-bp4,Barnes,Diann,novell
"cn=db5317-bp4,ou=users,o=novell",db5317-bp4,Barnes,Devrine,novell
"cn=db5082-bp4,ou=users,o=novell",db5082-bp4,Barnes,Debra,novell
"cn=db5224-bp4,ou=users,o=novell",db5224-bp4,Barnes,Darryl,novell
"cn=cb7923-bp4,ou=users,o=novell",cb7923-bp4,Barnes,Cynthia,novell
"cn=cb7577-bp4,ou=users,o=novell",cb7577-bp4,Barnes,Crystal,novell
"cn=cb5106-bp4,ou=users,o=novell",cb5106-bp4,Barnes,Cindy,novell
"cn=cb9946-bp4,ou=users,o=novell",cb9946-bp4,Barnes,Chiquita,novell
"cn=cb9285-bp4,ou=users,o=novell",cb9285-bp4,Barnes,Charles,novell
"cn=cb8632-bp4,ou=users,o=novell",cb8632-bp4,Barnes,Charlene,novell
"cn=bb9848-bp4,ou=users,o=novell",bb9848-bp4,Barnes,Brian,novell
"cn=bb8761-bp4,ou=users,o=novell",bb8761-bp4,Barnes,Briana,novell
"cn=bb1896-bp4,ou=users,o=novell",bb1896-bp4,Barnes,Bobby,novell
"cn=bb8496-bp4,ou=users,o=novell",bb8496-bp4,Barnes,Bettie,novell
"cn=ab0826-bp4,ou=users,o=novell",ab0826-bp4,Barnes,Ashley,novell
"cn=ab7979-bp4,ou=users,o=novell",ab7979-bp4,Barnes,Ariral,novell
"cn=ab3864-bp4,ou=users,o=novell",ab3864-bp4,Barnes,Aikeem,novell
"cn=ab5228-bp4,ou=users,o=novell",ab5228-bp4,Barnes,Ahmad,novell
"cn=vb3128-bp4,ou=users,o=novell",vb3128-bp4,Barnes-Shaw,Vickie,novell
"cn=wb8179-bp4,ou=users,o=novell",wb8179-bp4,Barmer,William,novell
"cn=rb7835-bp4,ou=users,o=novell",rb7835-bp4,Barcafer,Robert,novell
"cn=wb7051-bp4,ou=users,o=novell",wb7051-bp4,Barbour,Wilson,novell
"cn=rb9480-bp4,ou=users,o=novell",rb9480-bp4,Barbour,Randall,novell
"cn=jb8495-bp4,ou=users,o=novell",jb8495-bp4,Barbour,Jessica,novell
"cn=cb7233-bp4,ou=users,o=novell",cb7233-bp4,Barbour,Crystal,novell
"cn=bb2681-bp4,ou=users,o=novell",bb2681-bp4,Barbour,Bobbie,novell
"cn=ab0273-bp4,ou=users,o=novell",ab0273-bp4,Barbour,Aaron,novell
"cn=mb9777-bp4,ou=users,o=novell",mb9777-bp4,Barbee,Michael,novell
"cn=ab9405-bp4,ou=users,o=novell",ab9405-bp4,Banton,Annie,novell
"cn=mb7612-bp4,ou=users,o=novell",mb7612-bp4,Bannerman,Maria,novell
"cn=lb9245-bp4,ou=users,o=novell",lb9245-bp4,Banks,Loretta,novell
"cn=lb8755-bp4,ou=users,o=novell",lb8755-bp4,Banks,Linton,novell
"cn=kb0366-bp4,ou=users,o=novell",kb0366-bp4,Banks,Kody,novell
"cn=nb8828-bp4,ou=users,o=novell",nb8828-bp4,Bankert,Nicholas,novell
"cn=tb7987-bp4,ou=users,o=novell",tb7987-bp4,Banerjee,Tapan,novell
"cn=cb9805-bp4,ou=users,o=novell",cb9805-bp4,Baltazar,Carlos,novell
"cn=rb4182-bp4,ou=users,o=novell",rb4182-bp4,Ball,Roy,novell
"cn=db0813-bp4,ou=users,o=novell",db0813-bp4,Ballestero,Dayana,novell
"cn=sb6584-bp4,ou=users,o=novell",sb6584-bp4,Ballance,Steven,novell
"cn=db9876-bp4,ou=users,o=novell",db9876-bp4,Ballance,Deborah,novell
"cn=cb8945-bp4,ou=users,o=novell",cb8945-bp4,Ballance,Charles,novell
"cn=tb1167-bp4,ou=users,o=novell",tb1167-bp4,Baker,Travis,novell
"cn=sb4998-bp4,ou=users,o=novell",sb4998-bp4,Baker,Shannon,novell
"cn=mb8649-bp4,ou=users,o=novell",mb8649-bp4,Baker,Michael,novell
"cn=mb2037-bp4,ou=users,o=novell",mb2037-bp4,Baker,Mary,novell
"cn=mb2681-bp4,ou=users,o=novell",mb2681-bp4,Baker,Marquel,novell
"cn=lb9379-bp4,ou=users,o=novell",lb9379-bp4,Baker,Lynda,novell
"cn=jb0276-bp4,ou=users,o=novell",jb0276-bp4,Baker,John,novell
"cn=jb3785-bp4,ou=users,o=novell",jb3785-bp4,Baker,Jesse,novell
"cn=cb2667-bp4,ou=users,o=novell",cb2667-bp4,Baker,Corey,novell
"cn=cb4668-bp4,ou=users,o=novell",cb4668-bp4,Baker,Cordie,novell
"cn=cb9481-bp4,ou=users,o=novell",cb9481-bp4,Baker,Christopher,novell
"cn=cb8385-bp4,ou=users,o=novell",cb8385-bp4,Baker,Charles,novell
"cn=bb3427-bp4,ou=users,o=novell",bb3427-bp4,Baker,Becky,novell
"cn=ab6795-bp4,ou=users,o=novell",ab6795-bp4,Baker,Adam,novell
"cn=ab0001-bp4,ou=users,o=novell",ab0001-bp4,Baker,Aaron,novell
"cn=cb1427-bp4,ou=users,o=novell",cb1427-bp4,Baio,Charles,novell
"cn=tb5132-bp4,ou=users,o=novell",tb5132-bp4,Baines,Trevor,novell
"cn=jb0266-bp4,ou=users,o=novell",jb0266-bp4,Baines,Joshua,novell
"cn=jb0668-bp4,ou=users,o=novell",jb0668-bp4,Baines,Jerome,novell
"cn=db1649-bp4,ou=users,o=novell",db1649-bp4,Baines,David,novell
"cn=pb1935-bp4,ou=users,o=novell",pb1935-bp4,Baine,Patricia,novell
"cn=db5451-bp4,ou=users,o=novell",db5451-bp4,Bain,David,novell
"cn=wb2135-bp4,ou=users,o=novell",wb2135-bp4,Bailey,William,novell
"cn=mb8121-bp4,ou=users,o=novell",mb8121-bp4,Bailey,Michelle,novell
"cn=mb1395-bp4,ou=users,o=novell",mb1395-bp4,Bailey,Matt,novell
"cn=mb0669-bp4,ou=users,o=novell",mb0669-bp4,Bailey,Marcus,novell
"cn=cb9984-bp4,ou=users,o=novell",cb9984-bp4,Bailey,Clifton,novell
"cn=cb8184-bp4,ou=users,o=novell",cb8184-bp4,Bailey,Christopher,novell
"cn=ab0973-bp4,ou=users,o=novell",ab0973-bp4,Bailey,Alvin,novell
"cn=kb2763-bp4,ou=users,o=novell",kb2763-bp4,Bagwell,Kenneth,novell
"cn=wb9161-bp4,ou=users,o=novell",wb9161-bp4,Bagley,Wesley,novell
"cn=jb8117-bp4,ou=users,o=novell",jb8117-bp4,Bagley,Jimmie,novell
"cn=jb2310-bp4,ou=users,o=novell",jb2310-bp4,Baggett,Jeffrey,novell
"cn=cb5308-bp4,ou=users,o=novell",cb5308-bp4,Baggett,Cheryl,novell
"cn=jb9208-bp4,ou=users,o=novell",jb9208-bp4,Baez,Janil,novell
"cn=rb9403-bp4,ou=users,o=novell",rb9403-bp4,Baek,Richard,novell
"cn=bb4915-bp4,ou=users,o=novell",bb4915-bp4,Baars,Brenda,novell
"cn=ma7542-bp4,ou=users,o=novell",ma7542-bp4,Azuogalanya,Mary,novell
"cn=va8047-bp4,ou=users,o=novell",va8047-bp4,Aycock,Vickie,novell
"cn=ta6732-bp4,ou=users,o=novell",ta6732-bp4,Aycock,Timothy,novell
"cn=ka1103-bp4,ou=users,o=novell",ka1103-bp4,Aycock,Kimberly,novell
"cn=ja5565-bp4,ou=users,o=novell",ja5565-bp4,Aycock,Jimmie,novell
"cn=ja1631-bp4,ou=users,o=novell",ja1631-bp4,Aycock,James,novell
"cn=ca0626-bp4,ou=users,o=novell",ca0626-bp4,Aycock,Christopher,novell
"cn=ca3717-bp4,ou=users,o=novell",ca3717-bp4,Aycock,Casie,novell
"cn=ba1514-bp4,ou=users,o=novell",ba1514-bp4,Aycock,Bobby,novell
"cn=ma2104-bp4,ou=users,o=novell",ma2104-bp4,de,Maria,novell
"cn=aa9803-bp4,ou=users,o=novell",aa9803-bp4,Ayala,Andrea,novell
"cn=aa0225-bp4,ou=users,o=novell",aa0225-bp4,Awotwi,Araba,novell
"cn=ja5688-bp4,ou=users,o=novell",ja5688-bp4,Averette,James,novell
"cn=da9126-bp4,ou=users,o=novell",da9126-bp4,Averette,Dustin,novell
"cn=ca1310-bp4,ou=users,o=novell",ca1310-bp4,Averette,Caitlin,novell
"cn=na8424-bp4,ou=users,o=novell",na8424-bp4,Avent,Nekita,novell
"cn=ma9571-bp4,ou=users,o=novell",ma9571-bp4,Avellaneda,Manuel,novell
"cn=ja9572-bp4,ou=users,o=novell",ja9572-bp4,Avellaneda,Jesus,novell
"cn=ca0263-bp4,ou=users,o=novell",ca0263-bp4,Austin,Chrishonda,novell
"cn=ba8048-bp4,ou=users,o=novell",ba8048-bp4,Austin,Brian,novell
"cn=sa2278-bp4,ou=users,o=novell",sa2278-bp4,Auman,Susan,novell
"cn=ta3953-bp4,ou=users,o=novell",ta3953-bp4,Atkinson,Teresa,novell
"cn=sa3185-bp4,ou=users,o=novell",sa3185-bp4,Atkinson,Shann,novell
"cn=sa9644-bp4,ou=users,o=novell",sa9644-bp4,Atkinson,Shabazz,novell
"cn=ja3009-bp4,ou=users,o=novell",ja3009-bp4,Atkinson,John,novell
"cn=da0907-bp4,ou=users,o=novell",da0907-bp4,Atkinson,Donnie,novell
"cn=ca4230-bp4,ou=users,o=novell",ca4230-bp4,Atkinson,Christopher,novell
"cn=ba1031-bp4,ou=users,o=novell",ba1031-bp4,Atkinson,Breyah,novell
"cn=ba2766-bp4,ou=users,o=novell",ba2766-bp4,Atkinson,Brenda,novell
"cn=ja2160-bp4,ou=users,o=novell",ja2160-bp4,Ashley,John,novell
"cn=aa9531-bp4,ou=users,o=novell",aa9531-bp4,Ashby,Arthur,novell
"cn=ja8544-bp4,ou=users,o=novell",ja8544-bp4,Asbell,James,novell
"cn=ta6668-bp4,ou=users,o=novell",ta6668-bp4,Artis,Tashejah,novell
"cn=sa7190-bp4,ou=users,o=novell",sa7190-bp4,Artis,Sean,novell
"cn=ma5425-bp4,ou=users,o=novell",ma5425-bp4,Artis,Melvin,novell
"cn=ka7009-bp4,ou=users,o=novell",ka7009-bp4,Artis,Kameo,novell
"cn=ca9708-bp4,ou=users,o=novell",ca9708-bp4,Artis,Clifton,novell
"cn=ca0083-bp4,ou=users,o=novell",ca0083-bp4,Artis,Chris,novell
"cn=ba4839-bp4,ou=users,o=novell",ba4839-bp4,Artis,Brandon,novell
"cn=ba2973-bp4,ou=users,o=novell",ba2973-bp4,Artis,Bobby,novell
"cn=ba1627-bp4,ou=users,o=novell",ba1627-bp4,Artis,Barbara,novell
"cn=aa4891-bp4,ou=users,o=novell",aa4891-bp4,Artis,Alice,novell
"cn=ja8909-bp4,ou=users,o=novell",ja8909-bp4,Arteaga,Jary,novell
"cn=ja7977-bp4,ou=users,o=novell",ja7977-bp4,Arroyo,Judith,novell
"cn=wa2895-bp4,ou=users,o=novell",wa2895-bp4,Arrington,Wesley,novell
"cn=ra0163-bp4,ou=users,o=novell",ra0163-bp4,Arrington,Rayvonnda,novell
"cn=ma7230-bp4,ou=users,o=novell",ma7230-bp4,Arrington,Marcus,novell
"cn=ja6721-bp4,ou=users,o=novell",ja6721-bp4,Arrington,Jeffery,novell
"cn=ma6766-bp4,ou=users,o=novell",ma6766-bp4,Arrington-Lanier,Mary,novell
"cn=aa8208-bp4,ou=users,o=novell",aa8208-bp4,Arriaga,Adelfa,novell
"cn=ea9046-bp4,ou=users,o=novell",ea9046-bp4,Arnold,Edward,novell
"cn=da6855-bp4,ou=users,o=novell",da6855-bp4,Arnold,Davin,novell
"cn=ca7956-bp4,ou=users,o=novell",ca7956-bp4,Arnold,Charles,novell
"cn=ta9686-bp4,ou=users,o=novell",ta9686-bp4,Armstrong,Timothy,novell
"cn=ta0250-bp4,ou=users,o=novell",ta0250-bp4,Armstrong,Tamissa,novell
"cn=ma3640-bp4,ou=users,o=novell",ma3640-bp4,Armstrong,Michael,novell
"cn=la5640-bp4,ou=users,o=novell",la5640-bp4,Armstrong,Linda,novell
"cn=ca7409-bp4,ou=users,o=novell",ca7409-bp4,Armstrong,Calvin,novell
"cn=ba9124-bp4,ou=users,o=novell",ba9124-bp4,Armstrong,Brandon,novell
"cn=aa5403-bp4,ou=users,o=novell",aa5403-bp4,Armstrong,Anthony,novell
"cn=aa3716-bp4,ou=users,o=novell",aa3716-bp4,Arias-Rebollar,Adalinda,novell
"cn=oa6782-bp4,ou=users,o=novell",oa6782-bp4,Arellano,Odilia,novell
"cn=ca0915-bp4,ou=users,o=novell",ca0915-bp4,Ard,Caleb,novell
"cn=za5892-bp4,ou=users,o=novell",za5892-bp4,Aragon,Zadith,novell
"cn=wa6391-bp4,ou=users,o=novell",wa6391-bp4,Applewhite,William,novell
"cn=wa5056-bp4,ou=users,o=novell",wa5056-bp4,Applewhite,William,novell
"cn=ta9843-bp4,ou=users,o=novell",ta9843-bp4,Applewhite,Teshametra,novell
"cn=sa3986-bp4,ou=users,o=novell",sa3986-bp4,Applewhite,Stephanie,novell
"cn=ra6027-bp4,ou=users,o=novell",ra6027-bp4,Applewhite,Rashieka,novell
"cn=ma6140-bp4,ou=users,o=novell",ma6140-bp4,Applewhite,Montrellia,novell
"cn=ma8765-bp4,ou=users,o=novell",ma8765-bp4,Applewhite,Montrell,novell
"cn=ca0947-bp4,ou=users,o=novell",ca0947-bp4,Applewhite,Cindy,novell
"cn=aa2708-bp4,ou=users,o=novell",aa2708-bp4,Applewhite,Arial,novell
"cn=aa9933-bp4,ou=users,o=novell",aa9933-bp4,Applewhite,Antonio,novell
"cn=aa7374-bp4,ou=users,o=novell",aa7374-bp4,Applewhite,Aisha,novell
"cn=ma5571-bp4,ou=users,o=novell",ma5571-bp4,Anguiano,Melina,novell
"cn=ka0797-bp4,ou=users,o=novell",ka0797-bp4,Ange,Kevin,novell
"cn=ja4235-bp4,ou=users,o=novell",ja4235-bp4,Andrews,Jerry,novell
"cn=va8740-bp4,ou=users,o=novell",va8740-bp4,Andres,Vaquerano,novell
"cn=ea7974-bp4,ou=users,o=novell",ea7974-bp4,Andrade,Enrique,novell
"cn=ea9587-bp4,ou=users,o=novell",ea9587-bp4,Andrade,Edwin,novell
"cn=va4370-bp4,ou=users,o=novell",va4370-bp4,Anderson,Valerie,novell
"cn=ta0554-bp4,ou=users,o=novell",ta0554-bp4,Anderson,Terence,novell
"cn=sa0026-bp4,ou=users,o=novell",sa0026-bp4,Anderson,Sandy,novell
"cn=ra3586-bp4,ou=users,o=novell",ra3586-bp4,Anderson,Ricky,novell
"cn=ma2192-bp4,ou=users,o=novell",ma2192-bp4,Anderson,Michael,novell
"cn=ja4943-bp4,ou=users,o=novell",ja4943-bp4,Anderson,Judy,novell
"cn=ja0844-bp4,ou=users,o=novell",ja0844-bp4,Anderson,Jon,novell
"cn=ja4510-bp4,ou=users,o=novell",ja4510-bp4,Anderson,Jerry,novell
"cn=da3200-bp4,ou=users,o=novell",da3200-bp4,Anderson,Denzil,novell
"cn=da1924-bp4,ou=users,o=novell",da1924-bp4,Anderson,David,novell
"cn=da7788-bp4,ou=users,o=novell",da7788-bp4,Anders,Dedrick,novell
"cn=ja0260-bp4,ou=users,o=novell",ja0260-bp4,Amerson,Jeffrey,novell
"cn=la6443-bp4,ou=users,o=novell",la6443-bp4,Ambrose,Lori,novell
"cn=ba3781-bp4,ou=users,o=novell",ba3781-bp4,Aman,Billy,novell
"cn=ca7990-bp4,ou=users,o=novell",ca7990-bp4,Alvers,Christopher,novell
"cn=sa8672-bp4,ou=users,o=novell",sa8672-bp4,Alvarez,Salvador,novell
"cn=ga1769-bp4,ou=users,o=novell",ga1769-bp4,Alvarez,Gabriela,novell
"cn=ea5271-bp4,ou=users,o=novell",ea5271-bp4,Alvarado,Efigenia,novell
"cn=ta8494-bp4,ou=users,o=novell",ta8494-bp4,Alston,Tyiesha,novell
"cn=ma6088-bp4,ou=users,o=novell",ma6088-bp4,Alston,Mike,novell
"cn=ma8640-bp4,ou=users,o=novell",ma8640-bp4,Alston,Malketta,novell
"cn=la4306-bp4,ou=users,o=novell",la4306-bp4,Alston,Lashyia,novell
"cn=ka9832-bp4,ou=users,o=novell",ka9832-bp4,Alston,Kristen,novell
"cn=da9514-bp4,ou=users,o=novell",da9514-bp4,Alston,Denzell,novell
"cn=aa0039-bp4,ou=users,o=novell",aa0039-bp4,Alston,April,novell
"cn=ka8612-bp4,ou=users,o=novell",ka8612-bp4,Alphin,Katherine,novell
"cn=ja0621-bp4,ou=users,o=novell",ja0621-bp4,Almond,Joshua,novell
"cn=ca4487-bp4,ou=users,o=novell",ca4487-bp4,Allred,Christy,novell
"cn=ca9941-bp4,ou=users,o=novell",ca9941-bp4,Allgood,Cheryl,novell
"cn=za0051-bp4,ou=users,o=novell",za0051-bp4,Alleyne,Zened,novell
"cn=wa9407-bp4,ou=users,o=novell",wa9407-bp4,Allen,William,novell
"cn=ta4147-bp4,ou=users,o=novell",ta4147-bp4,Allen,Teresa,novell
"cn=sa0721-bp4,ou=users,o=novell",sa0721-bp4,Allen,Sylina,novell
"cn=sa7805-bp4,ou=users,o=novell",sa7805-bp4,Allen,Shirley,novell
"cn=ra0890-bp4,ou=users,o=novell",ra0890-bp4,Allen,Raymond,novell
"cn=na2682-bp4,ou=users,o=novell",na2682-bp4,Allen,Nicholas,novell
"cn=ja0782-bp4,ou=users,o=novell",ja0782-bp4,Allen,Jerry,novell
"cn=ja7517-bp4,ou=users,o=novell",ja7517-bp4,Allen,Janice,novell
"cn=ga3649-bp4,ou=users,o=novell",ga3649-bp4,Allen,Gwendolyn,novell
"cn=da9469-bp4,ou=users,o=novell",da9469-bp4,Allen,Domeshia,novell
"cn=da7939-bp4,ou=users,o=novell",da7939-bp4,Allen,Diane,novell
"cn=ca0990-bp4,ou=users,o=novell",ca0990-bp4,Allen,Cleveland,novell
"cn=ca4081-bp4,ou=users,o=novell",ca4081-bp4,Allen,Christopher,novell
"cn=aa3360-bp4,ou=users,o=novell",aa3360-bp4,Allen,Ashley,novell
"cn=aa1076-bp4,ou=users,o=novell",aa1076-bp4,Ali,Ayeshah,novell
"cn=aa0551-bp4,ou=users,o=novell",aa0551-bp4,Algahmae,Aiha,novell
"cn=ta3919-bp4,ou=users,o=novell",ta3919-bp4,Alford,Toni,novell
"cn=ka8306-bp4,ou=users,o=novell",ka8306-bp4,Alfaro,Katerin,novell
"cn=ba0347-bp4,ou=users,o=novell",ba0347-bp4,Aldridge,Bert,novell
"cn=va3504-bp4,ou=users,o=novell",va3504-bp4,Alcantar,Victor,novell
"cn=ma5167-bp4,ou=users,o=novell",ma5167-bp4,Alcantar,Maria,novell
"cn=fa8900-bp4,ou=users,o=novell",fa8900-bp4,Alcantar,Fernando,novell
"cn=ka2582-bp4,ou=users,o=novell",ka2582-bp4,Albritton,Kimberly,novell
"cn=ja2890-bp4,ou=users,o=novell",ja2890-bp4,Albrecht,John,novell
"cn=aa5660-bp4,ou=users,o=novell",aa5660-bp4,Albert,Annette,novell
"cn=va0261-bp4,ou=users,o=novell",va0261-bp4,Akers,Vicky,novell
"cn=aa0509-bp4,ou=users,o=novell",aa0509-bp4,Ahmed,Abdulmalik,novell
"cn=ma3294-bp4,ou=users,o=novell",ma3294-bp4,Aguirre,Monica,novell
"cn=ma8245-bp4,ou=users,o=novell",ma8245-bp4,Aguirre,Maria,novell
"cn=sa0274-bp4,ou=users,o=novell",sa0274-bp4,Aguilera,Sonia,novell
"cn=ma6747-bp4,ou=users,o=novell",ma6747-bp4,Aguilera,Maria,novell
"cn=ya0525-bp4,ou=users,o=novell",ya0525-bp4,Aguilar-Montero,Yolanda,novell
"cn=ma4023-bp4,ou=users,o=novell",ma4023-bp4,Aguilar-Montero,Maria,novell
"cn=sa3407-bp4,ou=users,o=novell",sa3407-bp4,Aggarwal,Shivani,novell
"cn=sa3408-bp4,ou=users,o=novell",sa3408-bp4,Aggarwal,Sandeep,novell
"cn=ra8304-bp4,ou=users,o=novell",ra8304-bp4,Ageev,Roman,novell
"cn=na8325-bp4,ou=users,o=novell",na8325-bp4,Ageeva,Nataliia,novell
"cn=ma9633-bp4,ou=users,o=novell",ma9633-bp4,Adcock,Melissa,novell
"cn=wa7841-bp4,ou=users,o=novell",wa7841-bp4,Adams,William,novell
"cn=wa6205-bp4,ou=users,o=novell",wa6205-bp4,Adams,William,novell
"cn=sa7965-bp4,ou=users,o=novell",sa7965-bp4,Adams,Sabrina,novell
"cn=ra9516-bp4,ou=users,o=novell",ra9516-bp4,Adams,Robert,novell
"cn=ja7141-bp4,ou=users,o=novell",ja7141-bp4,Adams,Justan,novell
"cn=ga1719-bp4,ou=users,o=novell",ga1719-bp4,Adams,Gregory,novell
"cn=ba9465-bp4,ou=users,o=novell",ba9465-bp4,Adams,Brian,novell
"cn=aa7310-bp4,ou=users,o=novell",aa7310-bp4,Adams,Amos,novell
"cn=ea0303-bp4,ou=users,o=novell",ea0303-bp4,Adamkiewicz,Elaine,novell
"cn=ea6766-bp4,ou=users,o=novell",ea6766-bp4,Ackerson,Edward,novell
"cn=ja1895-bp4,ou=users,o=novell",ja1895-bp4,Abrams,Jimmy,novell
"cn=ea8037-bp4,ou=users,o=novell",ea8037-bp4,Abrams,Edgar,novell
"cn=ba0763-bp4,ou=users,o=novell",ba0763-bp4,Abraham-Mccreary,Brandie,novell
"cn=pa8813-bp4,ou=users,o=novell",pa8813-bp4,Abney,Patricia,novell
"cn=sa9542-bp4,ou=users,o=novell",sa9542-bp4,Abdelnabi,Serageldin,novell
"cn=da1070-bp4,ou=users,o=novell",da1070-bp4,Abarca,Donna,novell
"cn=az4568-bp4,ou=users,o=novell",az4568-bp4,Zolman,Alexa,novell
"cn=cz6214-bp4,ou=users,o=novell",cz6214-bp4,Ziegler,Craig,novell
"cn=jz7578-bp4,ou=users,o=novell",jz7578-bp4,Zenil,Jorge,novell
"cn=rz5035-bp4,ou=users,o=novell",rz5035-bp4,Zengbean-Cramer,Rahmatu,novell
"cn=tz0548-bp4,ou=users,o=novell",tz0548-bp4,Zeigler,Tyquira,novell
"cn=yz8188-bp4,ou=users,o=novell",yz8188-bp4,Zayyad,Yasmean,novell
"cn=nz7865-bp4,ou=users,o=novell",nz7865-bp4,Zayyad,Nesreen,novell
"cn=az5452-bp4,ou=users,o=novell",az5452-bp4,Zavaleta,Areli,novell
"cn=sy2993-bp4,ou=users,o=novell",sy2993-bp4,Young,Susan,novell
"cn=my8992-bp4,ou=users,o=novell",my8992-bp4,Young,Mariah,novell
"cn=ly2219-bp4,ou=users,o=novell",ly2219-bp4,Young,Lamont,novell
"cn=ky8983-bp4,ou=users,o=novell",ky8983-bp4,Young,Kimberly,novell
"cn=ky9148-bp4,ou=users,o=novell",ky9148-bp4,Young,Khaleeah,novell
"cn=jy2229-bp4,ou=users,o=novell",jy2229-bp4,Young,Juwan,novell
"cn=jy7569-bp4,ou=users,o=novell",jy7569-bp4,Young,Jasmine,novell
"cn=ky9313-bp4,ou=users,o=novell",ky9313-bp4,Yim,Kaniela,novell
"cn=sy3518-bp4,ou=users,o=novell",sy3518-bp4,Yepiz,Sharon,novell
"cn=my5671-bp4,ou=users,o=novell",my5671-bp4,Yelverton,Monica,novell
"cn=sy3341-bp4,ou=users,o=novell",sy3341-bp4,Yates,Shelly,novell
"cn=cy9745-bp4,ou=users,o=novell",cy9745-bp4,Yarbrough,Cierra,novell
"cn=my9716-bp4,ou=users,o=novell",my9716-bp4,Yanosih,Michael,novell
"cn=ey9305-bp4,ou=users,o=novell",ey9305-bp4,Yanez-Arroyo,Elizabeth,novell
"cn=dy4643-bp4,ou=users,o=novell",dy4643-bp4,Yancey,Deshunji,novell
"cn=ww3079-bp4,ou=users,o=novell",ww3079-bp4,Wright,William,novell
"cn=qw4881-bp4,ou=users,o=novell",qw4881-bp4,Wright,Quantina,novell
"cn=mw9497-bp4,ou=users,o=novell",mw9497-bp4,Wright,Monique,novell
"cn=kw2524-bp4,ou=users,o=novell",kw2524-bp4,Wright,Kimbely,novell
"cn=ew9226-bp4,ou=users,o=novell",ew9226-bp4,Wright,Eula,novell
"cn=aw9459-bp4,ou=users,o=novell",aw9459-bp4,Wright,Alicia,novell
"cn=mw1030-bp4,ou=users,o=novell",mw1030-bp4,Worthington,Miranda,novell
"cn=sw4587-bp4,ou=users,o=novell",sw4587-bp4,Worsley,Shaquita,novell
"cn=rw7004-bp4,ou=users,o=novell",rw7004-bp4,Worrell,Rebecca,novell
"cn=lw5906-bp4,ou=users,o=novell",lw5906-bp4,Worrell,Luada,novell
"cn=ew8189-bp4,ou=users,o=novell",ew8189-bp4,Wooten,Elyssa,novell
"cn=cw5380-bp4,ou=users,o=novell",cw5380-bp4,Wooten,Connie,novell
"cn=bw2843-bp4,ou=users,o=novell",bw2843-bp4,Wooten,Bobby,novell
"cn=aw5976-bp4,ou=users,o=novell",aw5976-bp4,Wooten,Aeshia,novell
"cn=aw2898-bp4,ou=users,o=novell",aw2898-bp4,Woolet,Andrew,novell
"cn=tw2704-bp4,ou=users,o=novell",tw2704-bp4,Wood,Trevor,novell
"cn=ew2350-bp4,ou=users,o=novell",ew2350-bp4,Woods,Ebony,novell
"cn=lw7053-bp4,ou=users,o=novell",lw7053-bp4,Wood,Lydia,novell
"cn=jw9323-bp4,ou=users,o=novell",jw9323-bp4,Wood,Jaime,novell
"cn=jw6057-bp4,ou=users,o=novell",jw6057-bp4,Woodcock,Jana,novell
"cn=uw4093-bp4,ou=users,o=novell",uw4093-bp4,Woodard,Ursula,novell
"cn=tw7673-bp4,ou=users,o=novell",tw7673-bp4,Woodard,Tiara,novell
"cn=tw2031-bp4,ou=users,o=novell",tw2031-bp4,Woodard,Tiara,novell
"cn=tw1166-bp4,ou=users,o=novell",tw1166-bp4,Woodard,Tiara,novell
"cn=sw5579-bp4,ou=users,o=novell",sw5579-bp4,Woodard,Slade,novell
"cn=rw2405-bp4,ou=users,o=novell",rw2405-bp4,Woodard,Rossaline,novell
"cn=rw8186-bp4,ou=users,o=novell",rw8186-bp4,Woodard,Rolondias,novell
"cn=rw1694-bp4,ou=users,o=novell",rw1694-bp4,Woodard,Renata,novell
"cn=rw1972-bp4,ou=users,o=novell",rw1972-bp4,Woodard,Regina,novell
"cn=pw6856-bp4,ou=users,o=novell",pw6856-bp4,Woodard,Penelope,novell
"cn=mw3836-bp4,ou=users,o=novell",mw3836-bp4,Woodard,Montrell,novell
"cn=mw8751-bp4,ou=users,o=novell",mw8751-bp4,Woodard,Marshalle,novell
"cn=lw2342-bp4,ou=users,o=novell",lw2342-bp4,Woodard,Larice,novell
"cn=lw9280-bp4,ou=users,o=novell",lw9280-bp4,Woodard,Laquan,novell
"cn=jw9605-bp4,ou=users,o=novell",jw9605-bp4,Woodard,Joshua,novell
"cn=jw2272-bp4,ou=users,o=novell",jw2272-bp4,Woodard,Jasmine,novell
"cn=jw6917-bp4,ou=users,o=novell",jw6917-bp4,Woodard,Jacqueline,novell
"cn=cw2372-bp4,ou=users,o=novell",cw2372-bp4,Woodard,Cassandra,novell
"cn=cw8198-bp4,ou=users,o=novell",cw8198-bp4,Woodard,Caleb,novell
"cn=bw4639-bp4,ou=users,o=novell",bw4639-bp4,Woodard,Buffie,novell
"cn=bw7798-bp4,ou=users,o=novell",bw7798-bp4,Woodard,Brittany,novell
"cn=gw5885-bp4,ou=users,o=novell",gw5885-bp4,Womble,George,novell
"cn=bw4576-bp4,ou=users,o=novell",bw4576-bp4,Womble,Bradley,novell
"cn=jw1609-bp4,ou=users,o=novell",jw1609-bp4,Wolfe,Jason,novell
"cn=sw8045-bp4,ou=users,o=novell",sw8045-bp4,Witherspoon,Selina,novell
"cn=lw8488-bp4,ou=users,o=novell",lw8488-bp4,Wismann,Lauren,novell
"cn=mw5627-bp4,ou=users,o=novell",mw5627-bp4,Wise,Mark,novell
"cn=vw3097-bp4,ou=users,o=novell",vw3097-bp4,Winstead,Vanessa,novell
"cn=qw4871-bp4,ou=users,o=novell",qw4871-bp4,Winstead,Quiana,novell
"cn=mw7774-bp4,ou=users,o=novell",mw7774-bp4,Winstead,Martron,novell
"cn=lw5367-bp4,ou=users,o=novell",lw5367-bp4,Winstead,Laurie,novell
"cn=kw7803-bp4,ou=users,o=novell",kw7803-bp4,Winstead,Kaitlyn,novell
"cn=hw8033-bp4,ou=users,o=novell",hw8033-bp4,Winstead,Haley,novell
"cn=dw0596-bp4,ou=users,o=novell",dw0596-bp4,Winstead,David,novell
"cn=aw0163-bp4,ou=users,o=novell",aw0163-bp4,Winstead,Ashley,novell
"cn=sw5693-bp4,ou=users,o=novell",sw5693-bp4,Winslow,Stephen,novell
"cn=aw5972-bp4,ou=users,o=novell",aw5972-bp4,Winslow,Anna,novell
"cn=cw7511-bp4,ou=users,o=novell",cw7511-bp4,Winship,Christopher,novell
"cn=aw5098-bp4,ou=users,o=novell",aw5098-bp4,Winfield,Amy,novell
"cn=sw4050-bp4,ou=users,o=novell",sw4050-bp4,Winestock,Shanita,novell
"cn=mw0745-bp4,ou=users,o=novell",mw0745-bp4,Winchester,Megan,novell
"cn=rw7218-bp4,ou=users,o=novell",rw7218-bp4,Wilson,Roshieka,novell
"cn=pw8094-bp4,ou=users,o=novell",pw8094-bp4,Wilson,Phyllis,novell
"cn=kw0681-bp4,ou=users,o=novell",kw0681-bp4,Wilson,Kira,novell
"cn=jw1524-bp4,ou=users,o=novell",jw1524-bp4,Wilson,Jessica,novell
"cn=jw0245-bp4,ou=users,o=novell",jw0245-bp4,Wilson,Jalisa,novell
"cn=dw5461-bp4,ou=users,o=novell",dw5461-bp4,Wilson,Daniel,novell
"cn=cw5553-bp4,ou=users,o=novell",cw5553-bp4,Wilson,Christina,novell
"cn=aw7270-bp4,ou=users,o=novell",aw7270-bp4,Wilson,Alison,novell
"cn=sw0099-bp4,ou=users,o=novell",sw0099-bp4,Willoughby,Sierra,novell
"cn=lw8905-bp4,ou=users,o=novell",lw8905-bp4,Willis,Linda,novell
"cn=sw2533-bp4,ou=users,o=novell",sw2533-bp4,Willingham,Shaqieta,novell
"cn=sw3120-bp4,ou=users,o=novell",sw3120-bp4,Willingham,Shaneka,novell
"cn=tw7410-bp4,ou=users,o=novell",tw7410-bp4,Williford,Tiffany,novell
"cn=tw1846-bp4,ou=users,o=novell",tw1846-bp4,Williford,Tammy,novell
"cn=kw5252-bp4,ou=users,o=novell",kw5252-bp4,Williford,Katherine,novell
"cn=jw1637-bp4,ou=users,o=novell",jw1637-bp4,Williford,Jessica,novell
"cn=jw4589-bp4,ou=users,o=novell",jw4589-bp4,Williford,Jeffrey,novell
"cn=hw0450-bp4,ou=users,o=novell",hw0450-bp4,Williford,Harley,novell
"cn=hw3114-bp4,ou=users,o=novell",hw3114-bp4,Williford,Haley,novell
"cn=aw7722-bp4,ou=users,o=novell",aw7722-bp4,Williford,Allison,novell
"cn=tw3611-bp4,ou=users,o=novell",tw3611-bp4,Williams,Tiffany,novell
"cn=tw6515-bp4,ou=users,o=novell",tw6515-bp4,Williams,Terry,novell
"cn=tw5152-bp4,ou=users,o=novell",tw5152-bp4,Williams,Tasha,novell
"cn=tw5160-bp4,ou=users,o=novell",tw5160-bp4,Williams,Tabitha,novell
"cn=sw4760-bp4,ou=users,o=novell",sw4760-bp4,Williams,Sonya,novell
"cn=sw8288-bp4,ou=users,o=novell",sw8288-bp4,Williams,Sheniqua,novell
"cn=sw7026-bp4,ou=users,o=novell",sw7026-bp4,Williams,"ShanTella""",novell
"cn=rw2454-bp4,ou=users,o=novell",rw2454-bp4,Williams,Rebecca,novell
"cn=rw7142-bp4,ou=users,o=novell",rw7142-bp4,Williams,Rasheeda,novell
"cn=qw5804-bp4,ou=users,o=novell",qw5804-bp4,Williams,Qwadeshia,novell
"cn=qw4132-bp4,ou=users,o=novell",qw4132-bp4,Williams,Quansetta,novell
"cn=tw9617-bp4,ou=users,o=novell",tw9617-bp4,Williamson,Tonya,novell
"cn=bperez-bp4,ou=users,o=novell",bperez-bp4,Perez,Bob,novell
"cn=michelle-bp4,ou=users,o=novell",michelle-bp4,Perez,Michelle,novell
"cn=allison-bp4,ou=users,o=novell",allison-bp4,Perez,Allison,novell
"cn=aaron-bp4,ou=users,o=novell",aaron-bp4,Perez,Aaron,novell
"cn=rebecca-bp4,ou=users,o=novell",rebecca-bp4,Perez,Rebecca,novell
"cn=adam-bp4,ou=users,o=novell",adam-bp4,Perez,Adam,novell
"cn=austin-bp4,ou=users,o=novell",austin-bp4,Perez,Austin,novell
"cn=oliver-bp4,ou=users,o=novell",oliver-bp4,Perez,Oliver,novell
